log_id,machine_id,error_code,severity,event_timestamp,resolved,resolution_time_min
1,M-16,E301,HIGH,2024-12-29 02:14:19,1,67
2,M-8,E103,MEDIUM,2024-07-26 10:32:21,1,667
3,M-6,E401,MEDIUM,2024-04-18 00:43:12,1,207
4,M-4,E103,MEDIUM,2024-09-11 01:37:03,1,64
5,M-17,E101,LOW,2024-03-25 02:43:18,0,202
6,M-3,E101,MEDIUM,2024-03-04 15:23:32,0,641
7,M-4,E401,LOW,2024-04-08 09:39:55,1,157
8,M-13,E103,HIGH,2024-01-12 02:50:29,1,686
9,M-12,E102,HIGH,2024-02-28 03:59:46,1,126
10,M-15,E301,HIGH,2024-09-23 15:16:07,1,179
11,M-4,E103,LOW,2024-01-28 23:50:09,0,120
12,M-14,E201,MEDIUM,2024-05-16 00:38:28,0,261
13,M-20,E102,HIGH,2024-06-20 23:03:51,1,308
14,M-16,E301,MEDIUM,2024-02-23 00:30:09,1,482
15,M-17,E401,LOW,2024-08-12 22:44:53,1,529
16,M-5,E202,HIGH,2024-04-30 19:52:27,0,594
17,M-7,E101,LOW,2024-11-10 10:47:05,0,82
18,M-3,E101,MEDIUM,2024-09-04 23:04:51,1,303
19,M-16,E202,LOW,2024-02-08 05:31:33,1,46
20,M-6,E102,LOW,2024-08-17 02:29:23,1,343
21,M-9,E202,MEDIUM,2024-08-20 15:12:11,1,146
22,M-10,E401,MEDIUM,2024-08-19 14:49:15,0,201
23,M-7,E101,HIGH,2024-02-06 02:34:31,1,184
24,M-19,E102,HIGH,2024-07-19 19:11:01,1,41
25,M-12,E301,HIGH,2024-09-21 14:57:24,1,314
26,M-7,E301,LOW,2024-07-02 02:08:28,1,139
27,M-17,E202,MEDIUM,2024-05-30 11:32:13,1,68
28,M-1,E102,HIGH,2024-09-12 13:20:39,1,100
29,M-4,E301,LOW,2024-08-18 20:38:54,1,461
30,M-7,E101,MEDIUM,2024-07-19 16:37:14,1,630
31,M-9,E102,LOW,2024-04-24 06:23:53,1,493
32,M-8,E202,LOW,2024-02-04 07:59:19,1,424
33,M-14,E101,MEDIUM,2024-07-19 14:02:50,1,231
34,M-3,E201,CRITICAL,2024-02-24 20:02:15,1,646
35,M-15,E401,MEDIUM,2024-04-12 21:09:40,0,637
36,M-19,E102,LOW,2024-12-10 10:31:32,1,591
37,M-14,E103,HIGH,2024-05-01 18:23:43,0,582
38,M-8,E202,LOW,2024-02-11 01:05:30,1,151
39,M-13,E401,MEDIUM,2024-07-15 03:31:30,0,164
40,M-15,E202,MEDIUM,2024-06-08 14:31:26,1,507
41,M-1,E201,CRITICAL,2024-07-09 11:26:34,1,72
42,M-1,E101,MEDIUM,2024-01-25 12:38:58,1,12
43,M-8,E301,LOW,2024-07-12 22:15:56,1,69
44,M-16,E401,HIGH,2024-08-19 08:49:45,1,38
45,M-20,E201,MEDIUM,2024-07-25 23:24:37,0,308
46,M-4,E301,HIGH,2024-09-19 22:07:44,1,287
47,M-7,E301,HIGH,2024-04-25 15:26:50,0,369
48,M-13,E101,CRITICAL,2024-02-03 10:03:32,0,359
49,M-4,E301,MEDIUM,2024-07-21 11:03:27,1,682
50,M-10,E401,LOW,2024-11-20 11:27:24,1,417
51,M-17,E101,LOW,2024-09-29 21:09:44,1,462
52,M-10,E102,LOW,2024-05-09 00:17:07,1,297
53,M-19,E101,LOW,2024-12-21 02:59:55,1,709
54,M-6,E201,HIGH,2024-08-19 07:10:30,1,44
55,M-14,E201,MEDIUM,2024-09-30 16:00:19,1,280
56,M-13,E301,LOW,2024-10-07 16:22:55,0,672
57,M-7,E101,MEDIUM,2024-09-28 22:36:26,0,578
58,M-16,E401,LOW,2024-05-29 22:21:35,0,419
59,M-1,E401,LOW,2024-07-15 16:48:51,0,47
60,M-12,E301,HIGH,2024-04-18 22:11:23,0,539
61,M-19,E301,HIGH,2024-10-28 11:52:34,0,511
62,M-20,E102,MEDIUM,2024-11-17 18:10:46,1,160
63,M-8,E401,HIGH,2024-09-23 05:11:49,1,422
64,M-7,E101,CRITICAL,2024-01-01 21:40:57,0,161
65,M-13,E103,LOW,2024-01-19 08:58:18,1,474
66,M-3,E401,MEDIUM,2024-11-03 04:13:32,0,108
67,M-10,E101,LOW,2024-03-23 17:26:16,1,660
68,M-4,E103,HIGH,2024-04-02 02:23:41,0,233
69,M-3,E201,HIGH,2024-12-04 20:19:03,0,164
70,M-9,E101,CRITICAL,2024-03-24 09:19:55,1,168
71,M-18,E102,LOW,2024-06-10 08:55:06,1,570
72,M-17,E102,HIGH,2024-09-23 09:17:08,1,562
73,M-2,E301,MEDIUM,2024-08-05 21:20:34,0,256
74,M-14,E103,CRITICAL,2024-03-06 20:19:52,0,325
75,M-11,E103,LOW,2024-06-28 04:33:52,1,716
76,M-13,E101,LOW,2024-11-05 01:27:20,1,241
77,M-19,E202,CRITICAL,2024-12-04 18:18:53,1,601
78,M-19,E401,LOW,2024-06-03 14:22:19,1,47
79,M-18,E202,LOW,2024-03-11 23:41:12,1,457
80,M-20,E301,MEDIUM,2024-01-07 05:24:59,1,205
81,M-12,E101,HIGH,2024-10-19 13:23:36,0,469
82,M-4,E401,HIGH,2024-02-23 08:32:07,1,184
83,M-10,E301,LOW,2024-10-10 09:15:12,1,592
84,M-18,E101,CRITICAL,2024-11-05 01:35:14,1,218
85,M-4,E102,CRITICAL,2024-01-11 04:49:15,1,513
86,M-19,E301,LOW,2024-03-05 07:46:32,1,716
87,M-8,E201,CRITICAL,2024-10-27 17:08:18,0,376
88,M-1,E401,MEDIUM,2024-11-26 19:51:49,0,636
89,M-15,E202,MEDIUM,2024-07-22 19:12:58,1,96
90,M-4,E102,MEDIUM,2024-07-13 16:14:20,1,589
91,M-10,E103,HIGH,2024-02-10 06:15:36,1,480
92,M-18,E201,MEDIUM,2024-02-20 15:18:48,1,66
93,M-18,E101,LOW,2024-12-28 01:21:20,1,185
94,M-10,E202,HIGH,2024-04-30 23:33:42,1,125
95,M-15,E202,LOW,2024-12-12 16:28:08,1,683
96,M-17,E102,LOW,2024-10-11 05:43:59,1,467
97,M-19,E102,HIGH,2024-04-29 14:11:11,1,578
98,M-13,E301,LOW,2024-02-13 16:16:48,1,592
99,M-7,E202,MEDIUM,2024-03-01 15:35:13,0,19
100,M-7,E301,LOW,2024-02-13 00:22:44,0,448
101,M-8,E201,MEDIUM,2024-09-22 17:35:03,1,6
102,M-6,E301,LOW,2024-09-17 23:41:38,1,511
103,M-14,E103,CRITICAL,2024-12-17 06:31:51,1,259
104,M-19,E301,MEDIUM,2024-10-28 08:21:02,1,459
105,M-7,E103,LOW,2024-03-12 08:23:40,1,471
106,M-2,E202,MEDIUM,2024-05-20 23:52:03,0,435
107,M-1,E401,LOW,2024-08-01 22:04:55,1,607
108,M-9,E102,HIGH,2024-05-09 03:13:56,1,483
109,M-6,E202,LOW,2024-12-03 08:10:05,1,575
110,M-3,E401,LOW,2024-07-15 21:41:36,0,272
111,M-7,E202,HIGH,2024-08-30 07:45:43,0,523
112,M-16,E301,MEDIUM,2024-07-13 07:52:35,0,714
113,M-5,E301,HIGH,2024-10-16 14:13:45,0,407
114,M-20,E202,HIGH,2024-05-09 23:46:03,0,62
115,M-4,E301,LOW,2024-07-26 14:00:09,0,53
116,M-9,E102,MEDIUM,2024-12-08 12:35:51,1,223
117,M-5,E102,CRITICAL,2024-08-22 16:49:08,1,463
118,M-2,E103,LOW,2024-01-18 23:47:39,1,188
119,M-6,E202,MEDIUM,2024-08-27 23:39:35,0,141
120,M-2,E301,HIGH,2024-10-14 17:27:25,1,541
121,M-12,E201,MEDIUM,2024-02-02 18:36:42,0,589
122,M-19,E101,MEDIUM,2024-11-29 02:35:35,1,34
123,M-17,E301,LOW,2024-09-19 06:44:30,0,186
124,M-11,E301,MEDIUM,2024-10-30 05:52:20,1,95
125,M-13,E101,MEDIUM,2024-11-21 07:47:30,1,157
126,M-15,E301,LOW,2024-05-07 15:31:52,0,500
127,M-17,E103,LOW,2024-10-20 19:43:32,1,507
128,M-16,E401,LOW,2024-06-15 17:10:15,1,696
129,M-17,E301,MEDIUM,2024-01-17 23:35:21,1,312
130,M-9,E202,LOW,2024-12-23 19:57:49,1,264
131,M-8,E301,HIGH,2024-05-20 21:49:12,0,589
132,M-2,E201,LOW,2024-01-22 19:42:52,1,219
133,M-6,E301,MEDIUM,2024-01-16 01:09:57,0,65
134,M-20,E101,LOW,2024-08-27 23:27:09,1,461
135,M-10,E401,HIGH,2024-04-24 10:48:20,0,525
136,M-15,E102,LOW,2024-11-01 10:47:30,1,226
137,M-3,E101,CRITICAL,2024-06-13 12:08:10,0,398
138,M-15,E103,LOW,2024-04-19 22:26:18,1,24
139,M-16,E301,LOW,2024-07-27 05:57:39,1,489
140,M-7,E202,LOW,2024-12-17 11:08:04,1,100
141,M-6,E102,LOW,2024-11-06 16:39:24,0,77
142,M-6,E103,LOW,2024-04-29 02:02:19,1,275
143,M-20,E103,HIGH,2024-07-28 20:27:16,1,56
144,M-9,E201,LOW,2024-04-20 17:45:11,0,140
145,M-12,E401,MEDIUM,2024-02-25 22:14:13,1,65
146,M-2,E301,CRITICAL,2024-02-26 16:08:52,1,620
147,M-13,E103,MEDIUM,2024-11-16 17:25:59,0,365
148,M-16,E301,MEDIUM,2024-06-04 14:56:05,0,93
149,M-14,E103,MEDIUM,2024-05-16 12:38:02,0,50
150,M-16,E101,CRITICAL,2024-07-03 16:39:52,0,273
151,M-3,E103,CRITICAL,2024-01-06 21:53:08,0,317
152,M-1,E201,LOW,2024-07-26 15:50:05,1,220
153,M-5,E202,LOW,2024-09-21 19:16:13,1,612
154,M-1,E101,MEDIUM,2024-02-12 21:50:20,0,488
155,M-10,E202,HIGH,2024-12-25 23:46:00,1,483
156,M-9,E102,MEDIUM,2024-06-07 13:29:16,1,29
157,M-12,E301,MEDIUM,2024-12-21 01:09:23,0,411
158,M-6,E301,LOW,2024-10-13 15:27:08,1,396
159,M-10,E301,HIGH,2024-10-28 11:38:34,1,430
160,M-18,E101,LOW,2024-04-16 19:06:01,1,498
161,M-8,E102,MEDIUM,2024-04-16 07:59:59,1,467
162,M-18,E202,MEDIUM,2024-08-20 18:29:03,1,480
163,M-16,E202,LOW,2024-06-04 11:21:31,1,542
164,M-2,E201,MEDIUM,2024-07-17 19:18:22,1,50
165,M-5,E101,CRITICAL,2024-04-10 12:33:50,1,198
166,M-6,E401,HIGH,2024-04-04 18:22:49,1,263
167,M-10,E103,LOW,2024-07-07 11:17:55,1,176
168,M-10,E301,LOW,2024-07-31 00:54:45,1,237
169,M-3,E102,MEDIUM,2024-05-18 09:22:03,0,3
170,M-8,E202,MEDIUM,2024-07-23 03:43:04,1,553
171,M-15,E102,LOW,2024-07-26 20:18:07,1,547
172,M-19,E201,MEDIUM,2024-04-30 22:30:45,0,335
173,M-3,E401,LOW,2024-02-08 09:53:29,0,95
174,M-7,E202,CRITICAL,2024-03-16 18:15:23,1,711
175,M-11,E201,LOW,2024-04-26 03:14:34,1,617
176,M-6,E102,MEDIUM,2024-06-21 02:31:32,1,184
177,M-5,E201,MEDIUM,2024-05-02 19:30:58,1,419
178,M-8,E102,HIGH,2024-10-29 02:10:11,1,34
179,M-4,E201,HIGH,2024-05-16 17:41:15,1,372
180,M-14,E202,MEDIUM,2024-10-06 15:01:47,1,200
181,M-2,E103,LOW,2024-07-03 23:47:16,0,293
182,M-5,E301,HIGH,2024-01-29 18:19:17,0,399
183,M-19,E301,LOW,2024-11-04 16:15:50,0,187
184,M-15,E202,MEDIUM,2024-05-27 10:18:45,1,305
185,M-10,E301,HIGH,2024-08-13 00:56:04,1,268
186,M-19,E101,MEDIUM,2024-03-17 04:19:23,1,630
187,M-3,E103,LOW,2024-02-06 09:05:36,1,624
188,M-5,E102,LOW,2024-02-18 12:30:11,0,558
189,M-20,E201,HIGH,2024-02-18 15:44:48,0,213
190,M-19,E102,HIGH,2024-05-16 04:00:19,1,380
191,M-20,E301,MEDIUM,2024-04-17 09:04:16,0,427
192,M-19,E101,MEDIUM,2024-01-26 14:40:09,1,294
193,M-17,E301,MEDIUM,2024-10-07 04:07:59,1,221
194,M-7,E301,HIGH,2024-12-13 14:08:51,0,1
195,M-2,E201,HIGH,2024-08-12 03:21:27,1,326
196,M-20,E103,HIGH,2024-01-07 07:48:17,0,310
197,M-3,E201,MEDIUM,2024-12-08 21:50:44,0,134
198,M-11,E101,CRITICAL,2024-02-07 18:05:48,1,273
199,M-2,E101,HIGH,2024-06-18 06:09:32,1,308
200,M-10,E101,MEDIUM,2024-10-23 15:33:39,1,200
201,M-1,E102,MEDIUM,2024-05-13 13:13:19,0,134
202,M-16,E202,LOW,2024-11-07 10:43:27,0,366
203,M-4,E103,MEDIUM,2024-12-02 22:39:13,1,670
204,M-16,E202,MEDIUM,2024-09-25 04:29:25,1,25
205,M-7,E401,MEDIUM,2024-06-23 11:44:43,1,492
206,M-9,E202,LOW,2024-08-19 16:02:25,1,170
207,M-2,E401,CRITICAL,2024-11-03 15:12:06,1,129
208,M-4,E301,LOW,2024-03-01 07:11:10,1,194
209,M-15,E202,MEDIUM,2024-05-05 16:35:28,1,426
210,M-15,E103,HIGH,2024-07-23 04:34:41,1,577
211,M-5,E103,HIGH,2024-04-18 05:01:57,0,13
212,M-19,E102,MEDIUM,2024-10-30 02:34:48,1,662
213,M-2,E102,MEDIUM,2024-06-11 22:55:38,0,27
214,M-2,E103,LOW,2024-03-02 17:17:16,1,386
215,M-1,E301,LOW,2024-06-22 11:58:29,0,190
216,M-11,E401,MEDIUM,2024-10-23 20:47:25,0,347
217,M-19,E401,MEDIUM,2024-10-17 13:58:30,1,228
218,M-20,E301,HIGH,2024-08-29 10:23:37,0,546
219,M-16,E103,LOW,2024-08-26 22:58:31,0,647
220,M-16,E202,HIGH,2024-10-10 18:28:58,1,71
221,M-1,E101,MEDIUM,2024-12-22 14:25:28,1,604
222,M-20,E202,MEDIUM,2024-11-28 02:43:38,0,253
223,M-12,E301,MEDIUM,2024-06-13 02:53:13,1,715
224,M-3,E102,LOW,2024-01-12 21:19:09,0,506
225,M-5,E101,HIGH,2024-04-07 08:20:20,1,306
226,M-13,E401,LOW,2024-04-21 16:02:21,1,400
227,M-11,E202,HIGH,2024-01-05 00:33:02,0,644
228,M-6,E103,HIGH,2024-06-30 18:54:36,1,689
229,M-16,E301,HIGH,2024-08-02 13:32:06,0,279
230,M-16,E401,MEDIUM,2024-11-20 08:18:33,1,530
231,M-8,E401,LOW,2024-06-30 20:50:28,1,456
232,M-3,E401,CRITICAL,2024-03-16 01:39:50,0,117
233,M-6,E102,MEDIUM,2024-10-27 18:52:47,1,361
234,M-10,E202,MEDIUM,2024-01-20 11:53:56,0,258
235,M-6,E101,LOW,2024-01-30 15:22:05,1,60
236,M-7,E401,HIGH,2024-06-14 07:26:53,1,250
237,M-2,E201,HIGH,2024-02-18 04:06:45,0,164
238,M-13,E201,HIGH,2024-12-28 02:16:26,0,97
239,M-1,E102,LOW,2024-06-17 16:50:01,1,543
240,M-3,E101,HIGH,2024-05-20 23:16:36,0,107
241,M-7,E103,LOW,2024-12-22 15:47:43,1,263
242,M-18,E202,LOW,2024-11-08 22:58:45,1,4
243,M-1,E101,LOW,2024-12-04 12:57:46,1,39
244,M-18,E401,MEDIUM,2024-01-20 20:35:30,1,3
245,M-3,E401,HIGH,2024-11-02 17:41:18,1,128
246,M-5,E102,MEDIUM,2024-05-24 20:17:22,1,467
247,M-8,E401,MEDIUM,2024-07-26 17:50:38,1,73
248,M-16,E103,MEDIUM,2024-08-19 09:19:25,0,447
249,M-18,E401,LOW,2024-07-16 02:42:04,1,155
250,M-17,E201,LOW,2024-06-02 08:48:26,0,597
251,M-8,E103,LOW,2024-12-13 04:06:52,1,348
252,M-2,E103,LOW,2024-10-04 05:13:28,1,186
253,M-9,E101,LOW,2024-01-23 15:31:37,1,646
254,M-1,E401,HIGH,2024-07-20 19:29:13,0,408
255,M-10,E101,LOW,2024-09-19 07:45:21,0,360
256,M-15,E201,MEDIUM,2024-05-11 19:26:47,0,215
257,M-20,E202,MEDIUM,2024-11-27 04:55:35,1,174
258,M-13,E301,HIGH,2024-01-02 10:21:17,1,363
259,M-5,E301,LOW,2024-09-12 03:06:47,0,599
260,M-12,E103,LOW,2024-02-01 04:37:57,1,625
261,M-11,E201,MEDIUM,2024-06-18 23:46:20,0,432
262,M-2,E101,LOW,2024-06-17 16:08:10,1,347
263,M-10,E301,LOW,2024-01-12 03:07:56,1,324
264,M-7,E202,MEDIUM,2024-01-31 09:10:16,0,262
265,M-3,E103,HIGH,2024-10-28 02:06:11,0,534
266,M-12,E202,MEDIUM,2024-10-02 21:36:33,1,38
267,M-4,E401,MEDIUM,2024-03-05 15:25:03,1,517
268,M-2,E102,LOW,2024-09-22 21:07:14,1,353
269,M-4,E102,MEDIUM,2024-01-24 19:24:24,1,343
270,M-20,E103,MEDIUM,2024-07-10 02:16:18,1,281
271,M-10,E102,LOW,2024-06-17 14:38:19,1,268
272,M-10,E101,CRITICAL,2024-10-28 11:30:44,1,389
273,M-10,E201,MEDIUM,2024-12-12 09:53:00,0,282
274,M-1,E103,HIGH,2024-04-13 14:57:05,1,353
275,M-7,E101,LOW,2024-07-30 06:39:29,1,420
276,M-20,E101,HIGH,2024-05-12 16:21:12,0,648
277,M-16,E102,LOW,2024-07-10 02:47:26,1,347
278,M-20,E401,MEDIUM,2024-09-29 01:39:23,0,280
279,M-13,E102,MEDIUM,2024-04-20 13:02:06,1,507
280,M-11,E301,LOW,2024-03-23 12:27:25,1,650
281,M-16,E102,CRITICAL,2024-08-22 21:07:58,0,30
282,M-13,E201,LOW,2024-06-19 00:03:54,1,654
283,M-17,E103,CRITICAL,2024-08-23 17:38:47,1,195
284,M-10,E103,MEDIUM,2024-10-31 10:41:56,1,643
285,M-14,E201,MEDIUM,2024-03-10 12:29:07,0,665
286,M-10,E102,HIGH,2024-08-30 13:07:50,1,534
287,M-19,E301,LOW,2024-07-24 11:51:10,1,305
288,M-5,E101,HIGH,2024-04-11 07:24:46,0,311
289,M-5,E202,MEDIUM,2024-10-06 13:48:46,1,267
290,M-13,E301,MEDIUM,2024-04-02 16:58:10,0,346
291,M-19,E201,MEDIUM,2024-05-28 21:29:19,1,315
292,M-4,E102,HIGH,2024-10-12 13:31:57,1,20
293,M-20,E201,HIGH,2024-04-23 22:44:48,1,224
294,M-5,E102,LOW,2024-03-09 07:11:17,1,589
295,M-6,E201,LOW,2024-03-02 23:49:38,0,676
296,M-17,E401,LOW,2024-03-24 13:43:40,1,636
297,M-19,E201,HIGH,2024-03-10 00:54:14,0,639
298,M-10,E301,LOW,2024-03-23 04:29:13,0,153
299,M-11,E102,MEDIUM,2024-01-04 21:45:00,1,193
300,M-20,E103,HIGH,2024-05-27 01:24:26,1,586
301,M-3,E103,LOW,2024-02-20 05:43:03,1,558
302,M-7,E301,LOW,2024-08-08 16:51:19,0,253
303,M-20,E301,MEDIUM,2024-09-02 02:12:52,1,253
304,M-9,E202,LOW,2024-12-29 03:55:01,1,353
305,M-12,E103,HIGH,2024-08-01 16:57:05,1,527
306,M-3,E201,MEDIUM,2024-02-02 20:29:34,0,309
307,M-13,E101,MEDIUM,2024-03-13 11:10:45,0,576
308,M-3,E103,LOW,2024-02-28 23:28:14,1,590
309,M-10,E101,MEDIUM,2024-04-07 00:11:16,0,437
310,M-2,E202,HIGH,2024-09-13 14:34:32,1,672
311,M-14,E103,HIGH,2024-06-23 01:15:47,1,86
312,M-7,E401,CRITICAL,2024-11-12 21:19:36,1,590
313,M-2,E101,LOW,2024-03-02 09:16:08,1,36
314,M-5,E401,MEDIUM,2024-06-22 02:30:28,0,603
315,M-4,E301,MEDIUM,2024-05-28 15:16:16,1,61
316,M-1,E201,LOW,2024-10-30 18:17:35,0,397
317,M-20,E202,HIGH,2024-08-08 14:41:18,1,380
318,M-16,E103,LOW,2024-01-15 04:05:45,1,207
319,M-15,E101,MEDIUM,2024-02-05 11:09:33,0,140
320,M-17,E103,LOW,2024-03-22 19:09:47,1,337
321,M-9,E103,HIGH,2024-09-01 22:51:10,1,92
322,M-8,E301,HIGH,2024-12-03 20:09:05,1,277
323,M-5,E101,MEDIUM,2024-07-23 01:27:21,1,675
324,M-3,E301,MEDIUM,2024-11-21 10:28:07,0,28
325,M-6,E401,MEDIUM,2024-03-20 10:16:16,0,330
326,M-7,E301,CRITICAL,2024-11-16 00:11:16,1,415
327,M-16,E102,MEDIUM,2024-07-30 23:15:57,1,271
328,M-15,E301,LOW,2024-05-12 14:19:50,1,665
329,M-13,E301,CRITICAL,2024-05-12 12:38:21,0,412
330,M-1,E401,LOW,2024-06-27 03:11:08,1,719
331,M-16,E401,CRITICAL,2024-07-28 19:14:52,1,172
332,M-2,E301,MEDIUM,2024-11-13 03:44:38,1,151
333,M-10,E202,LOW,2024-01-26 11:09:54,1,661
334,M-4,E401,LOW,2024-05-17 16:49:51,0,228
335,M-16,E301,LOW,2024-07-09 06:47:43,0,161
336,M-7,E102,CRITICAL,2024-06-19 11:51:55,1,489
337,M-7,E401,LOW,2024-09-22 03:35:02,0,166
338,M-19,E301,MEDIUM,2024-12-10 21:16:43,0,582
339,M-2,E201,MEDIUM,2024-10-04 17:24:37,0,217
340,M-16,E401,LOW,2024-10-20 11:21:06,1,280
341,M-14,E103,HIGH,2024-05-02 20:44:28,1,319
342,M-1,E103,LOW,2024-07-23 18:20:37,1,356
343,M-7,E102,MEDIUM,2024-06-30 12:37:51,1,363
344,M-5,E101,MEDIUM,2024-09-19 16:46:14,1,597
345,M-8,E301,LOW,2024-12-01 07:02:02,1,648
346,M-12,E202,MEDIUM,2024-06-24 21:48:02,0,582
347,M-14,E201,HIGH,2024-05-10 23:27:56,0,548
348,M-16,E201,HIGH,2024-12-29 08:38:41,1,249
349,M-15,E201,LOW,2024-03-15 10:38:41,0,582
350,M-16,E401,CRITICAL,2024-10-08 20:17:39,1,674
351,M-5,E401,HIGH,2024-10-06 06:07:27,1,54
352,M-8,E202,MEDIUM,2024-01-11 15:29:57,1,424
353,M-17,E201,HIGH,2024-09-28 04:06:44,1,108
354,M-13,E102,LOW,2024-03-11 07:28:26,1,188
355,M-7,E301,HIGH,2024-10-08 06:31:27,1,283
356,M-6,E102,LOW,2024-08-08 05:17:24,0,287
357,M-10,E202,CRITICAL,2024-05-14 19:49:15,0,354
358,M-11,E201,MEDIUM,2024-10-22 20:46:33,1,74
359,M-4,E102,MEDIUM,2024-11-24 21:47:57,1,380
360,M-19,E103,MEDIUM,2024-07-09 15:37:40,0,299
361,M-1,E103,CRITICAL,2024-04-18 18:11:20,0,430
362,M-19,E101,MEDIUM,2024-12-11 02:00:06,1,151
363,M-13,E401,CRITICAL,2024-07-23 07:16:48,0,290
364,M-18,E202,MEDIUM,2024-07-04 23:51:23,1,166
365,M-6,E202,MEDIUM,2024-09-24 09:51:08,1,438
366,M-12,E201,LOW,2024-10-10 14:32:18,0,585
367,M-20,E202,MEDIUM,2024-11-07 15:14:54,0,253
368,M-16,E102,MEDIUM,2024-07-26 00:59:40,1,16
369,M-17,E102,LOW,2024-02-12 06:21:15,1,520
370,M-2,E102,HIGH,2024-06-21 17:46:39,1,299
371,M-17,E101,MEDIUM,2024-06-06 13:06:33,0,431
372,M-4,E102,MEDIUM,2024-11-09 17:20:07,1,365
373,M-9,E103,CRITICAL,2024-04-29 10:34:04,1,199
374,M-8,E101,MEDIUM,2024-12-10 02:08:44,1,656
375,M-3,E103,MEDIUM,2024-12-15 15:56:46,1,240
376,M-17,E101,LOW,2024-01-22 19:30:39,1,88
377,M-12,E101,MEDIUM,2024-04-14 14:03:29,1,418
378,M-8,E301,CRITICAL,2024-12-17 18:29:44,0,685
379,M-19,E103,MEDIUM,2024-07-28 13:49:51,1,639
380,M-19,E201,CRITICAL,2024-06-20 12:51:39,1,627
381,M-19,E102,MEDIUM,2024-05-28 10:37:59,1,626
382,M-1,E102,LOW,2024-06-24 00:34:01,0,611
383,M-16,E103,MEDIUM,2024-04-09 18:26:59,0,192
384,M-8,E103,HIGH,2024-12-09 11:39:22,1,387
385,M-16,E301,MEDIUM,2024-01-13 10:03:53,0,346
386,M-13,E101,MEDIUM,2024-12-06 13:43:24,1,667
387,M-13,E102,MEDIUM,2024-05-09 04:01:46,1,264
388,M-7,E301,LOW,2024-12-08 12:06:42,1,194
389,M-5,E201,CRITICAL,2024-04-03 11:23:25,1,219
390,M-19,E201,CRITICAL,2024-03-12 14:31:33,0,92
391,M-16,E201,LOW,2024-10-22 21:11:19,0,165
392,M-6,E201,CRITICAL,2024-04-14 02:52:26,1,248
393,M-3,E202,HIGH,2024-10-24 08:06:42,0,168
394,M-3,E102,MEDIUM,2024-12-06 01:19:54,1,1
395,M-12,E103,MEDIUM,2024-05-05 16:33:48,1,195
396,M-16,E101,MEDIUM,2024-02-19 17:19:06,1,167
397,M-13,E301,MEDIUM,2024-10-25 23:03:05,1,133
398,M-16,E201,HIGH,2024-05-29 21:23:36,1,496
399,M-10,E401,HIGH,2024-06-20 09:49:35,0,41
400,M-7,E401,MEDIUM,2024-05-11 19:59:56,0,179
401,M-6,E301,CRITICAL,2024-08-22 01:05:34,1,632
402,M-2,E401,MEDIUM,2024-10-05 12:02:42,1,546
403,M-8,E201,LOW,2024-10-07 17:33:15,1,534
404,M-17,E202,MEDIUM,2024-05-24 04:11:13,1,434
405,M-10,E102,MEDIUM,2024-12-03 02:09:32,1,139
406,M-3,E401,CRITICAL,2024-10-13 22:24:49,0,125
407,M-14,E401,LOW,2024-06-26 22:40:04,0,711
408,M-20,E201,MEDIUM,2024-11-25 08:46:34,1,568
409,M-1,E401,HIGH,2024-04-21 20:51:46,0,43
410,M-11,E201,HIGH,2024-04-24 19:09:22,1,112
411,M-9,E101,LOW,2024-08-02 01:31:28,1,294
412,M-7,E101,LOW,2024-07-12 05:26:50,0,613
413,M-7,E401,CRITICAL,2024-10-25 15:48:44,0,531
414,M-1,E103,MEDIUM,2024-01-31 23:56:28,1,541
415,M-6,E101,MEDIUM,2024-12-22 17:23:09,1,412
416,M-8,E401,MEDIUM,2024-06-06 23:18:18,1,492
417,M-11,E101,CRITICAL,2024-08-03 11:45:16,1,316
418,M-4,E301,LOW,2024-03-05 04:40:15,1,630
419,M-17,E401,MEDIUM,2024-09-22 14:21:40,1,29
420,M-3,E202,LOW,2024-08-28 14:38:03,0,55
421,M-10,E103,MEDIUM,2024-06-16 16:58:37,1,608
422,M-11,E102,MEDIUM,2024-10-24 03:53:15,1,47
423,M-10,E401,HIGH,2024-07-26 02:11:44,1,264
424,M-20,E202,CRITICAL,2024-10-14 21:50:32,1,385
425,M-15,E401,MEDIUM,2024-06-29 19:22:23,0,115
426,M-12,E401,CRITICAL,2024-01-24 03:31:17,0,219
427,M-3,E401,MEDIUM,2024-11-23 17:01:19,0,620
428,M-12,E103,MEDIUM,2024-01-13 10:02:46,1,347
429,M-6,E401,CRITICAL,2024-09-29 13:05:00,1,468
430,M-18,E401,MEDIUM,2024-12-23 18:08:56,1,467
431,M-16,E202,HIGH,2024-02-07 01:38:43,1,539
432,M-3,E103,LOW,2024-05-15 22:03:51,0,709
433,M-11,E101,LOW,2024-08-27 21:14:28,1,695
434,M-7,E202,MEDIUM,2024-09-23 01:39:00,1,51
435,M-1,E301,HIGH,2024-11-06 15:21:09,1,115
436,M-20,E401,HIGH,2024-01-05 05:14:19,1,41
437,M-19,E103,MEDIUM,2024-06-07 19:42:21,1,332
438,M-6,E103,MEDIUM,2024-04-21 08:22:26,0,229
439,M-15,E301,LOW,2024-08-02 16:50:40,1,442
440,M-1,E102,MEDIUM,2024-09-08 15:46:52,1,131
441,M-16,E301,LOW,2024-05-21 22:11:14,1,29
442,M-1,E103,CRITICAL,2024-11-10 21:40:22,1,472
443,M-7,E401,MEDIUM,2024-03-21 19:13:08,0,304
444,M-3,E101,LOW,2024-12-11 18:42:47,1,390
445,M-4,E103,LOW,2024-04-11 03:28:43,1,358
446,M-18,E101,HIGH,2024-07-13 11:11:55,1,680
447,M-9,E102,LOW,2024-10-26 16:56:47,1,10
448,M-4,E301,MEDIUM,2024-09-23 13:11:35,0,466
449,M-20,E101,HIGH,2024-07-12 04:49:52,1,633
450,M-19,E201,CRITICAL,2024-01-09 10:40:59,1,668
451,M-5,E101,MEDIUM,2024-12-19 14:05:59,0,267
452,M-17,E401,HIGH,2024-03-06 11:23:00,1,313
453,M-7,E101,LOW,2024-02-14 07:36:12,0,199
454,M-19,E201,HIGH,2024-02-26 10:45:36,0,239
455,M-5,E401,LOW,2024-04-19 12:50:45,1,282
456,M-14,E401,MEDIUM,2024-07-08 18:46:35,1,581
457,M-7,E103,LOW,2024-03-01 21:20:43,1,116
458,M-7,E301,MEDIUM,2024-05-13 10:34:13,1,18
459,M-9,E202,LOW,2024-03-01 14:00:13,1,51
460,M-19,E103,MEDIUM,2024-04-21 02:40:54,1,261
461,M-20,E102,MEDIUM,2024-07-02 01:41:36,0,476
462,M-9,E301,MEDIUM,2024-07-14 21:13:40,0,381
463,M-13,E101,MEDIUM,2024-01-27 04:16:13,1,478
464,M-19,E102,MEDIUM,2024-01-13 07:04:45,1,283
465,M-18,E101,MEDIUM,2024-06-21 22:48:09,1,669
466,M-4,E201,MEDIUM,2024-06-21 09:38:05,1,114
467,M-20,E101,LOW,2024-01-22 15:16:14,0,288
468,M-20,E202,CRITICAL,2024-04-01 03:05:57,1,539
469,M-11,E401,LOW,2024-11-01 22:58:08,1,401
470,M-7,E102,LOW,2024-02-20 00:24:32,1,590
471,M-20,E103,MEDIUM,2024-07-09 03:21:19,1,126
472,M-9,E102,HIGH,2024-07-10 20:32:17,0,141
473,M-3,E101,LOW,2024-03-27 12:41:40,1,459
474,M-20,E202,HIGH,2024-04-09 13:00:06,1,613
475,M-17,E201,LOW,2024-12-06 03:33:45,1,269
476,M-10,E201,LOW,2024-09-08 03:01:49,0,678
477,M-8,E101,MEDIUM,2024-11-28 20:40:15,1,611
478,M-8,E301,MEDIUM,2024-08-06 06:38:18,1,665
479,M-17,E401,MEDIUM,2024-07-13 11:21:02,0,164
480,M-1,E401,MEDIUM,2024-05-04 20:11:35,0,510
481,M-16,E102,LOW,2024-12-29 21:36:23,1,69
482,M-12,E301,LOW,2024-12-26 17:18:25,1,409
483,M-9,E102,HIGH,2024-01-28 07:13:17,1,343
484,M-9,E401,HIGH,2024-11-16 16:11:31,1,115
485,M-18,E101,HIGH,2024-03-28 19:38:40,1,181
486,M-17,E102,LOW,2024-08-25 21:11:02,1,339
487,M-12,E103,HIGH,2024-05-02 15:58:38,0,79
488,M-2,E101,LOW,2024-10-03 16:56:01,0,672
489,M-8,E101,HIGH,2024-10-31 09:27:26,1,644
490,M-14,E102,CRITICAL,2024-12-11 03:24:37,1,17
491,M-5,E301,MEDIUM,2024-07-13 11:04:33,1,81
492,M-6,E202,CRITICAL,2024-09-26 07:50:30,1,89
493,M-15,E102,LOW,2024-02-07 21:52:27,1,717
494,M-3,E401,MEDIUM,2024-08-20 13:23:21,0,577
495,M-18,E201,MEDIUM,2024-10-20 02:24:38,1,46
496,M-4,E301,HIGH,2024-08-13 16:16:32,1,470
497,M-12,E103,MEDIUM,2024-12-06 23:27:40,1,214
498,M-16,E201,MEDIUM,2024-07-18 15:05:13,1,190
499,M-1,E202,HIGH,2024-02-20 00:13:12,0,111
500,M-11,E102,LOW,2024-12-21 06:22:06,1,639
501,M-9,E103,HIGH,2024-03-30 00:30:19,1,481
502,M-7,E102,LOW,2024-04-27 10:50:08,1,557
503,M-20,E201,LOW,2024-06-24 11:44:23,1,5
504,M-9,E201,MEDIUM,2024-12-07 13:47:59,1,696
505,M-8,E103,LOW,2024-07-16 23:31:08,1,213
506,M-16,E102,LOW,2024-07-30 01:09:07,1,413
507,M-7,E301,LOW,2024-04-30 15:57:18,1,381
508,M-10,E102,MEDIUM,2024-06-20 09:25:48,1,470
509,M-10,E103,CRITICAL,2024-03-02 13:53:31,0,102
510,M-5,E101,LOW,2024-01-23 18:50:01,1,31
511,M-17,E201,HIGH,2024-08-01 02:47:00,1,588
512,M-7,E101,HIGH,2024-05-17 13:50:15,0,96
513,M-12,E401,LOW,2024-12-26 06:11:38,1,646
514,M-5,E201,MEDIUM,2024-04-23 04:01:55,0,90
515,M-5,E202,HIGH,2024-09-10 03:06:15,1,162
516,M-11,E401,LOW,2024-04-13 00:05:15,1,440
517,M-13,E201,LOW,2024-04-04 10:29:05,1,480
518,M-18,E103,LOW,2024-08-19 21:50:16,0,680
519,M-14,E301,MEDIUM,2024-03-27 21:57:55,1,566
520,M-5,E401,MEDIUM,2024-11-18 22:19:59,1,10
521,M-6,E401,MEDIUM,2024-10-25 09:05:05,1,34
522,M-2,E301,LOW,2024-10-10 08:16:50,0,17
523,M-5,E202,MEDIUM,2024-04-21 16:09:29,1,647
524,M-15,E301,LOW,2024-09-23 00:47:06,1,596
525,M-19,E103,LOW,2024-11-29 00:27:17,1,67
526,M-9,E102,MEDIUM,2024-08-07 07:55:44,1,668
527,M-12,E102,HIGH,2024-09-26 06:58:39,1,668
528,M-5,E202,CRITICAL,2024-08-24 16:02:51,1,450
529,M-16,E201,LOW,2024-11-21 14:26:06,1,267
530,M-9,E201,LOW,2024-04-30 22:46:13,1,209
531,M-14,E401,HIGH,2024-10-15 20:39:01,0,437
532,M-14,E202,MEDIUM,2024-10-25 21:39:43,1,140
533,M-15,E102,LOW,2024-01-27 10:07:57,1,677
534,M-2,E202,HIGH,2024-06-27 16:52:54,1,323
535,M-15,E301,LOW,2024-04-22 17:42:48,1,231
536,M-13,E103,MEDIUM,2024-04-26 08:12:35,1,157
537,M-12,E401,CRITICAL,2024-01-15 00:07:59,1,674
538,M-12,E301,CRITICAL,2024-12-15 21:28:26,0,553
539,M-6,E301,MEDIUM,2024-06-12 18:42:19,1,531
540,M-15,E101,MEDIUM,2024-03-22 16:40:57,1,98
541,M-4,E101,MEDIUM,2024-02-20 23:34:47,0,619
542,M-4,E401,HIGH,2024-05-29 15:20:24,1,233
543,M-15,E103,MEDIUM,2024-06-08 02:33:50,1,198
544,M-8,E201,MEDIUM,2024-12-02 18:49:19,1,165
545,M-5,E301,HIGH,2024-11-04 05:40:18,1,712
546,M-3,E102,LOW,2024-06-16 22:38:57,1,682
547,M-1,E201,LOW,2024-01-29 20:26:49,0,124
548,M-14,E101,MEDIUM,2024-09-21 04:51:39,1,668
549,M-4,E103,MEDIUM,2024-10-11 00:32:48,0,115
550,M-19,E202,MEDIUM,2024-05-28 18:19:12,0,549
551,M-13,E401,CRITICAL,2024-05-12 14:48:41,0,579
552,M-11,E201,LOW,2024-11-12 04:22:50,1,247
553,M-11,E202,HIGH,2024-07-18 14:02:45,0,452
554,M-13,E102,HIGH,2024-02-11 18:09:37,0,40
555,M-1,E301,HIGH,2024-10-19 14:48:11,1,20
556,M-16,E201,LOW,2024-07-19 05:06:01,0,460
557,M-3,E103,MEDIUM,2024-09-02 02:50:11,0,454
558,M-5,E301,LOW,2024-11-30 06:17:19,1,419
559,M-1,E301,LOW,2024-06-06 14:13:06,1,600
560,M-7,E101,MEDIUM,2024-11-21 10:37:42,1,536
561,M-5,E401,MEDIUM,2024-11-12 00:56:17,1,356
562,M-15,E301,CRITICAL,2024-02-02 09:19:27,1,121
563,M-1,E401,HIGH,2024-11-17 18:02:10,0,373
564,M-4,E301,LOW,2024-04-22 20:13:12,0,185
565,M-14,E101,MEDIUM,2024-01-26 08:10:58,0,467
566,M-11,E103,HIGH,2024-12-15 12:04:02,1,26
567,M-19,E101,MEDIUM,2024-05-23 14:49:05,0,102
568,M-19,E101,CRITICAL,2024-08-24 02:26:25,0,667
569,M-3,E102,HIGH,2024-09-14 08:46:56,1,578
570,M-12,E202,HIGH,2024-03-24 10:39:44,0,331
571,M-14,E301,MEDIUM,2024-03-30 19:59:19,1,705
572,M-14,E202,MEDIUM,2024-11-12 10:00:53,1,288
573,M-18,E102,MEDIUM,2024-03-13 00:59:27,1,197
574,M-4,E401,LOW,2024-11-25 14:35:11,1,515
575,M-1,E301,CRITICAL,2024-12-29 13:31:15,1,465
576,M-5,E401,LOW,2024-10-15 19:32:42,1,173
577,M-3,E201,LOW,2024-06-18 22:42:24,1,64
578,M-4,E401,MEDIUM,2024-10-19 15:33:46,0,95
579,M-2,E103,MEDIUM,2024-03-10 20:35:32,0,410
580,M-13,E202,HIGH,2024-11-26 10:26:44,1,413
581,M-3,E103,LOW,2024-08-10 06:27:17,1,618
582,M-12,E103,HIGH,2024-11-09 13:44:51,1,149
583,M-13,E102,LOW,2024-05-01 06:42:20,1,613
584,M-12,E102,CRITICAL,2024-11-22 23:53:53,0,554
585,M-18,E301,MEDIUM,2024-12-19 01:24:30,1,136
586,M-2,E201,MEDIUM,2024-04-07 20:23:09,0,568
587,M-15,E202,MEDIUM,2024-03-02 09:05:58,1,499
588,M-16,E401,HIGH,2024-09-06 19:25:37,1,401
589,M-16,E101,MEDIUM,2024-01-01 05:24:43,1,189
590,M-2,E301,MEDIUM,2024-02-16 05:34:39,1,623
591,M-10,E301,LOW,2024-09-02 14:54:17,0,162
592,M-14,E103,LOW,2024-12-25 13:33:27,0,272
593,M-16,E102,HIGH,2024-10-12 01:36:39,0,89
594,M-20,E202,MEDIUM,2024-10-31 12:56:47,1,479
595,M-14,E102,MEDIUM,2024-04-20 10:27:45,1,701
596,M-12,E102,LOW,2024-03-31 21:42:56,1,143
597,M-19,E102,MEDIUM,2024-01-17 21:10:30,0,176
598,M-8,E301,LOW,2024-05-24 07:26:05,1,236
599,M-2,E101,MEDIUM,2024-11-05 02:11:35,0,535
600,M-19,E101,HIGH,2024-07-01 13:40:06,1,372
601,M-20,E401,MEDIUM,2024-12-11 01:10:50,1,454
602,M-13,E103,MEDIUM,2024-11-09 18:39:33,1,142
603,M-18,E103,MEDIUM,2024-08-03 18:47:43,0,466
604,M-10,E102,MEDIUM,2024-05-08 23:14:44,1,681
605,M-8,E201,MEDIUM,2024-06-18 11:13:21,1,59
606,M-12,E401,HIGH,2024-09-20 22:15:51,1,548
607,M-8,E103,CRITICAL,2024-05-19 05:00:30,1,257
608,M-6,E401,MEDIUM,2024-01-19 04:00:19,1,261
609,M-9,E103,MEDIUM,2024-03-27 21:34:36,0,113
610,M-7,E301,LOW,2024-02-14 00:54:13,1,172
611,M-3,E202,HIGH,2024-11-28 15:55:39,1,375
612,M-7,E301,LOW,2024-12-04 00:52:20,1,550
613,M-8,E103,HIGH,2024-05-16 14:20:16,1,672
614,M-17,E401,MEDIUM,2024-01-01 15:06:59,1,543
615,M-13,E102,CRITICAL,2024-09-17 03:58:33,1,419
616,M-18,E102,LOW,2024-08-17 13:51:16,0,37
617,M-11,E401,MEDIUM,2024-11-07 03:54:56,1,138
618,M-8,E202,CRITICAL,2024-12-24 13:38:03,0,1
619,M-18,E102,HIGH,2024-10-17 05:40:00,0,358
620,M-8,E201,MEDIUM,2024-08-19 09:47:15,0,607
621,M-20,E401,LOW,2024-04-01 03:57:05,0,95
622,M-4,E201,MEDIUM,2024-07-11 02:55:29,1,37
623,M-12,E202,LOW,2024-10-18 01:21:16,0,393
624,M-8,E301,HIGH,2024-11-16 20:59:30,1,625
625,M-14,E301,MEDIUM,2024-03-27 18:21:01,0,314
626,M-9,E101,LOW,2024-10-10 12:16:47,1,16
627,M-6,E201,LOW,2024-10-16 13:35:08,1,690
628,M-5,E201,MEDIUM,2024-03-01 09:59:19,0,254
629,M-20,E202,MEDIUM,2024-09-09 05:28:16,1,311
630,M-13,E102,MEDIUM,2024-06-26 05:17:55,1,285
631,M-8,E201,LOW,2024-06-02 22:20:39,1,29
632,M-9,E101,LOW,2024-01-03 16:26:53,1,253
633,M-1,E401,LOW,2024-10-01 01:45:35,1,31
634,M-3,E102,LOW,2024-05-08 15:36:32,1,160
635,M-6,E401,CRITICAL,2024-10-21 10:53:43,1,596
636,M-10,E401,MEDIUM,2024-09-26 19:17:05,0,441
637,M-18,E101,LOW,2024-04-10 15:18:07,1,81
638,M-8,E103,LOW,2024-03-18 18:26:24,0,675
639,M-17,E301,MEDIUM,2024-11-14 23:39:38,0,267
640,M-10,E401,HIGH,2024-04-25 18:05:04,1,234
641,M-2,E102,LOW,2024-01-27 07:54:18,1,449
642,M-8,E103,MEDIUM,2024-08-05 23:54:48,1,548
643,M-9,E103,LOW,2024-09-16 11:28:12,1,55
644,M-14,E102,LOW,2024-01-13 20:51:44,1,475
645,M-2,E101,MEDIUM,2024-03-23 01:12:54,1,431
646,M-7,E102,HIGH,2024-08-05 01:26:49,1,485
647,M-8,E301,LOW,2024-02-29 13:50:01,1,554
648,M-7,E301,HIGH,2024-05-23 09:48:59,1,54
649,M-12,E201,MEDIUM,2024-02-05 17:57:11,0,116
650,M-1,E401,MEDIUM,2024-03-10 21:35:11,1,70
651,M-8,E101,HIGH,2024-06-03 21:15:32,1,439
652,M-9,E301,LOW,2024-03-11 09:40:43,1,124
653,M-10,E102,MEDIUM,2024-08-28 05:08:55,1,139
654,M-17,E102,MEDIUM,2024-06-06 18:56:17,1,708
655,M-7,E103,LOW,2024-09-22 00:40:42,1,42
656,M-14,E401,LOW,2024-08-07 11:55:33,0,492
657,M-5,E102,HIGH,2024-02-15 15:19:45,0,204
658,M-3,E103,HIGH,2024-03-12 01:03:58,0,654
659,M-20,E101,HIGH,2024-02-19 23:36:40,1,42
660,M-14,E103,MEDIUM,2024-08-25 18:08:17,1,122
661,M-15,E102,LOW,2024-04-22 21:46:27,1,615
662,M-6,E201,LOW,2024-08-23 23:30:56,0,440
663,M-15,E301,LOW,2024-06-21 09:50:05,1,176
664,M-10,E103,CRITICAL,2024-05-19 03:06:43,1,136
665,M-2,E202,LOW,2024-09-01 09:04:12,1,126
666,M-5,E202,HIGH,2024-06-10 06:04:10,1,250
667,M-15,E201,LOW,2024-02-09 19:33:49,1,212
668,M-13,E101,MEDIUM,2024-07-13 04:19:07,0,11
669,M-13,E102,LOW,2024-06-08 16:29:26,1,81
670,M-1,E201,LOW,2024-05-01 20:05:14,1,150
671,M-20,E401,MEDIUM,2024-07-07 01:16:53,1,462
672,M-4,E401,CRITICAL,2024-02-04 15:37:47,1,415
673,M-1,E102,HIGH,2024-10-27 01:01:03,1,329
674,M-3,E101,HIGH,2024-09-13 21:36:42,1,152
675,M-15,E102,LOW,2024-10-13 20:39:38,1,466
676,M-4,E101,LOW,2024-01-04 15:54:41,1,264
677,M-1,E202,LOW,2024-10-09 20:05:13,1,63
678,M-8,E201,LOW,2024-09-04 00:41:22,1,427
679,M-9,E102,HIGH,2024-11-30 10:30:32,1,530
680,M-12,E101,LOW,2024-06-13 14:27:49,1,517
681,M-6,E401,CRITICAL,2024-06-12 21:33:07,1,625
682,M-9,E102,LOW,2024-01-02 00:35:46,0,406
683,M-2,E101,HIGH,2024-10-13 12:42:45,1,140
684,M-3,E201,LOW,2024-03-13 03:13:50,1,39
685,M-7,E101,LOW,2024-12-15 04:22:57,1,714
686,M-5,E401,MEDIUM,2024-06-16 14:53:46,1,37
687,M-2,E201,MEDIUM,2024-09-28 12:21:14,1,520
688,M-14,E102,LOW,2024-08-01 09:06:03,1,576
689,M-9,E401,CRITICAL,2024-08-07 22:34:24,1,229
690,M-14,E102,MEDIUM,2024-10-16 11:38:07,1,400
691,M-5,E102,MEDIUM,2024-07-07 00:28:12,0,578
692,M-6,E101,LOW,2024-01-12 23:23:16,0,385
693,M-1,E201,MEDIUM,2024-02-12 18:09:56,1,387
694,M-2,E401,LOW,2024-05-27 04:11:07,1,147
695,M-11,E102,LOW,2024-10-31 14:35:35,0,628
696,M-19,E202,MEDIUM,2024-01-21 22:45:16,1,567
697,M-16,E202,CRITICAL,2024-09-03 21:43:56,1,425
698,M-17,E103,LOW,2024-06-21 05:54:50,1,533
699,M-13,E201,HIGH,2024-03-11 02:46:23,1,196
700,M-6,E103,CRITICAL,2024-01-23 02:03:01,0,318
701,M-11,E102,MEDIUM,2024-07-09 22:47:59,1,69
702,M-2,E301,MEDIUM,2024-01-31 10:05:07,1,275
703,M-2,E103,MEDIUM,2024-09-14 06:00:15,1,422
704,M-14,E401,CRITICAL,2024-11-17 13:40:53,0,87
705,M-18,E102,LOW,2024-09-02 13:21:41,1,439
706,M-17,E202,MEDIUM,2024-09-10 19:18:09,1,78
707,M-10,E103,MEDIUM,2024-03-23 09:19:10,1,26
708,M-3,E101,LOW,2024-01-14 00:45:48,1,561
709,M-3,E101,CRITICAL,2024-05-13 20:55:34,1,436
710,M-20,E103,LOW,2024-12-15 04:52:12,1,451
711,M-16,E201,LOW,2024-09-25 20:36:18,0,1
712,M-13,E301,CRITICAL,2024-09-10 09:13:35,1,349
713,M-9,E102,LOW,2024-08-29 15:14:27,1,352
714,M-6,E102,CRITICAL,2024-07-23 02:02:14,1,248
715,M-6,E103,LOW,2024-08-13 07:27:39,1,519
716,M-2,E101,LOW,2024-09-06 08:16:55,1,293
717,M-12,E103,LOW,2024-04-02 06:28:17,0,296
718,M-6,E301,HIGH,2024-07-25 14:06:40,0,115
719,M-5,E102,LOW,2024-12-07 21:22:09,1,119
720,M-3,E102,LOW,2024-07-16 10:26:11,1,668
721,M-12,E401,LOW,2024-03-21 14:23:26,0,170
722,M-19,E201,LOW,2024-06-17 20:15:14,1,644
723,M-7,E202,HIGH,2024-10-13 19:58:40,0,399
724,M-14,E101,MEDIUM,2024-05-08 22:48:40,1,704
725,M-15,E101,HIGH,2024-12-12 05:00:19,0,657
726,M-18,E101,CRITICAL,2024-07-12 13:17:47,0,207
727,M-15,E301,HIGH,2024-11-30 04:14:55,0,406
728,M-14,E401,LOW,2024-07-06 05:45:56,1,487
729,M-3,E202,LOW,2024-06-23 09:32:10,1,176
730,M-15,E102,MEDIUM,2024-12-12 04:14:55,0,711
731,M-11,E101,LOW,2024-05-02 12:06:01,1,232
732,M-12,E102,MEDIUM,2024-09-16 12:19:23,1,618
733,M-15,E102,MEDIUM,2024-12-03 15:22:11,1,676
734,M-11,E102,MEDIUM,2024-10-13 21:48:23,1,203
735,M-7,E401,LOW,2024-09-07 03:03:58,1,387
736,M-10,E201,LOW,2024-02-23 00:22:39,1,471
737,M-17,E301,LOW,2024-12-16 12:16:28,1,149
738,M-9,E301,MEDIUM,2024-12-29 13:21:01,0,562
739,M-19,E401,MEDIUM,2024-08-18 20:52:36,0,588
740,M-9,E202,LOW,2024-04-22 08:55:37,1,107
741,M-15,E202,LOW,2024-01-09 07:49:59,1,380
742,M-2,E301,LOW,2024-02-10 21:01:37,1,605
743,M-10,E202,LOW,2024-10-23 16:01:02,0,493
744,M-11,E201,MEDIUM,2024-09-23 00:45:47,0,195
745,M-5,E401,HIGH,2024-08-03 21:48:38,0,29
746,M-10,E103,MEDIUM,2024-06-25 16:52:17,0,502
747,M-6,E103,HIGH,2024-09-23 21:03:32,1,226
748,M-9,E103,HIGH,2024-12-11 01:47:55,1,351
749,M-6,E301,LOW,2024-05-24 03:38:42,0,592
750,M-9,E401,LOW,2024-09-16 02:40:00,1,443
751,M-14,E201,LOW,2024-05-21 20:14:12,1,213
752,M-9,E201,LOW,2024-11-15 12:47:03,1,689
753,M-18,E103,MEDIUM,2024-10-02 20:56:20,1,428
754,M-5,E101,HIGH,2024-12-20 13:03:41,1,686
755,M-2,E101,LOW,2024-10-06 10:27:16,1,375
756,M-12,E301,HIGH,2024-07-30 09:24:09,0,426
757,M-9,E101,MEDIUM,2024-09-02 02:18:46,0,64
758,M-13,E202,HIGH,2024-02-01 07:37:23,1,579
759,M-20,E202,MEDIUM,2024-06-05 14:23:07,0,26
760,M-16,E102,MEDIUM,2024-09-05 07:46:08,1,617
761,M-15,E201,HIGH,2024-11-10 11:08:30,1,38
762,M-15,E103,LOW,2024-03-15 07:19:16,1,62
763,M-3,E102,MEDIUM,2024-03-24 04:53:23,1,714
764,M-18,E202,MEDIUM,2024-02-27 13:18:26,1,154
765,M-3,E103,HIGH,2024-07-27 01:50:08,1,684
766,M-17,E301,LOW,2024-04-01 05:50:47,1,624
767,M-9,E401,HIGH,2024-03-26 13:51:16,1,408
768,M-1,E301,MEDIUM,2024-09-22 16:10:16,1,647
769,M-18,E103,HIGH,2024-06-08 10:35:10,0,57
770,M-2,E102,HIGH,2024-11-16 03:44:23,1,103
771,M-15,E103,LOW,2024-12-03 20:49:58,1,691
772,M-10,E301,LOW,2024-08-23 10:56:36,0,340
773,M-3,E101,CRITICAL,2024-07-03 03:10:36,0,642
774,M-3,E301,HIGH,2024-11-13 04:25:35,1,214
775,M-2,E401,CRITICAL,2024-05-16 12:06:33,1,600
776,M-20,E101,LOW,2024-05-19 16:15:32,1,214
777,M-12,E201,MEDIUM,2024-01-14 17:30:05,0,353
778,M-18,E401,HIGH,2024-10-12 21:40:53,1,703
779,M-5,E103,HIGH,2024-06-26 11:03:54,1,230
780,M-11,E103,LOW,2024-12-01 08:17:04,1,117
781,M-19,E202,MEDIUM,2024-04-15 02:29:19,1,681
782,M-19,E103,LOW,2024-08-03 09:19:20,1,467
783,M-4,E201,LOW,2024-05-21 03:30:17,1,342
784,M-2,E201,LOW,2024-01-22 19:23:06,0,537
785,M-19,E102,LOW,2024-01-12 04:24:56,1,117
786,M-13,E202,MEDIUM,2024-11-14 04:25:03,0,79
787,M-17,E301,HIGH,2024-04-06 18:45:15,0,707
788,M-18,E401,LOW,2024-04-22 10:05:01,1,365
789,M-20,E202,CRITICAL,2024-07-03 12:25:29,1,125
790,M-19,E103,LOW,2024-07-09 09:17:13,1,196
791,M-11,E301,HIGH,2024-12-06 22:15:51,1,25
792,M-15,E202,CRITICAL,2024-01-09 05:11:45,1,536
793,M-20,E103,LOW,2024-05-31 03:46:41,1,501
794,M-5,E102,HIGH,2024-05-10 20:05:18,1,202
795,M-3,E103,HIGH,2024-07-11 21:57:48,1,719
796,M-18,E301,LOW,2024-04-24 16:57:37,1,669
797,M-13,E401,MEDIUM,2024-10-29 11:00:38,1,225
798,M-9,E201,LOW,2024-03-04 12:18:03,1,38
799,M-8,E103,MEDIUM,2024-04-08 18:32:06,1,185
800,M-20,E102,LOW,2024-11-05 13:36:41,1,344
801,M-8,E101,MEDIUM,2024-10-13 17:12:16,1,515
802,M-7,E201,CRITICAL,2024-07-28 12:33:08,1,198
803,M-9,E101,MEDIUM,2024-08-28 07:02:58,1,506
804,M-14,E103,LOW,2024-01-18 20:43:26,1,239
805,M-18,E103,MEDIUM,2024-04-26 12:11:21,1,413
806,M-17,E201,HIGH,2024-04-09 15:14:40,1,87
807,M-19,E301,MEDIUM,2024-03-12 02:37:21,0,426
808,M-17,E102,LOW,2024-05-19 22:46:12,1,221
809,M-6,E301,CRITICAL,2024-03-01 16:40:00,1,253
810,M-14,E301,MEDIUM,2024-03-24 21:24:21,0,503
811,M-13,E102,MEDIUM,2024-10-26 04:33:07,1,540
812,M-4,E201,LOW,2024-11-19 05:49:07,1,170
813,M-2,E103,LOW,2024-08-03 00:44:51,1,449
814,M-5,E301,MEDIUM,2024-08-08 20:31:13,0,137
815,M-5,E103,HIGH,2024-10-27 23:32:09,0,472
816,M-15,E301,HIGH,2024-08-02 09:40:46,1,129
817,M-14,E101,MEDIUM,2024-12-08 03:57:27,0,370
818,M-12,E103,MEDIUM,2024-05-04 02:04:00,0,420
819,M-14,E301,MEDIUM,2024-09-04 17:37:12,0,206
820,M-2,E101,LOW,2024-12-12 03:05:38,0,717
821,M-7,E301,MEDIUM,2024-03-30 10:33:23,0,269
822,M-8,E202,LOW,2024-11-20 04:23:22,1,353
823,M-20,E202,HIGH,2024-09-11 23:22:13,1,128
824,M-6,E202,MEDIUM,2024-02-17 00:37:26,1,295
825,M-1,E101,LOW,2024-07-29 10:55:35,0,88
826,M-5,E103,HIGH,2024-07-08 09:31:01,0,631
827,M-16,E202,MEDIUM,2024-11-12 08:50:56,1,215
828,M-12,E102,HIGH,2024-11-22 14:46:49,1,490
829,M-18,E101,LOW,2024-02-21 01:56:50,0,59
830,M-16,E301,MEDIUM,2024-12-17 22:24:26,1,560
831,M-20,E101,HIGH,2024-10-19 22:23:01,1,396
832,M-14,E202,LOW,2024-12-26 22:29:14,1,253
833,M-18,E202,LOW,2024-12-19 05:24:02,1,337
834,M-8,E102,LOW,2024-05-21 15:59:26,1,198
835,M-7,E201,MEDIUM,2024-12-17 04:57:56,1,571
836,M-18,E202,MEDIUM,2024-03-04 07:16:56,0,678
837,M-8,E401,HIGH,2024-11-24 13:15:20,0,128
838,M-18,E103,LOW,2024-12-09 02:52:27,1,236
839,M-2,E401,CRITICAL,2024-06-17 14:40:46,1,286
840,M-9,E103,HIGH,2024-04-03 16:02:40,1,475
841,M-15,E301,LOW,2024-06-14 15:32:17,1,608
842,M-15,E301,MEDIUM,2024-02-29 11:42:09,1,299
843,M-19,E101,LOW,2024-12-17 07:35:52,0,54
844,M-12,E201,LOW,2024-01-30 19:20:27,1,612
845,M-7,E202,MEDIUM,2024-09-06 11:20:58,1,73
846,M-16,E102,MEDIUM,2024-11-30 19:46:02,0,341
847,M-3,E401,MEDIUM,2024-09-14 19:45:19,1,264
848,M-13,E101,MEDIUM,2024-08-03 22:21:48,1,607
849,M-9,E102,HIGH,2024-02-06 15:15:01,0,196
850,M-13,E103,LOW,2024-09-14 17:08:03,1,429
851,M-16,E301,CRITICAL,2024-09-20 05:41:09,1,548
852,M-10,E301,LOW,2024-03-03 15:46:30,1,314
853,M-5,E301,MEDIUM,2024-09-22 10:01:59,0,289
854,M-16,E103,CRITICAL,2024-07-23 10:25:06,1,507
855,M-16,E301,MEDIUM,2024-08-30 03:46:59,1,521
856,M-1,E202,MEDIUM,2024-06-19 13:52:42,1,125
857,M-10,E401,MEDIUM,2024-10-08 00:51:53,1,540
858,M-11,E101,LOW,2024-08-22 17:38:19,1,98
859,M-16,E103,LOW,2024-08-14 16:18:48,1,159
860,M-16,E101,LOW,2024-04-27 19:13:10,0,326
861,M-11,E301,MEDIUM,2024-07-30 06:09:04,1,74
862,M-16,E202,LOW,2024-01-03 06:07:35,1,99
863,M-3,E202,MEDIUM,2024-09-29 14:12:53,0,479
864,M-18,E201,HIGH,2024-12-15 01:57:10,0,241
865,M-2,E202,LOW,2024-05-15 06:05:11,0,429
866,M-6,E201,MEDIUM,2024-05-29 05:09:57,1,289
867,M-14,E401,LOW,2024-01-12 21:31:56,1,460
868,M-16,E102,MEDIUM,2024-02-16 11:14:53,0,266
869,M-18,E401,MEDIUM,2024-10-02 07:34:45,0,708
870,M-4,E202,MEDIUM,2024-05-09 06:07:52,1,574
871,M-19,E101,CRITICAL,2024-11-09 22:54:33,1,503
872,M-1,E103,MEDIUM,2024-09-12 12:15:20,1,214
873,M-7,E102,LOW,2024-03-07 22:31:35,1,246
874,M-17,E103,LOW,2024-05-22 19:15:02,1,620
875,M-18,E201,HIGH,2024-08-26 21:32:29,1,561
876,M-4,E201,MEDIUM,2024-09-05 09:21:51,1,455
877,M-4,E202,LOW,2024-03-09 05:03:12,0,414
878,M-14,E202,LOW,2024-05-27 18:08:17,0,11
879,M-13,E301,MEDIUM,2024-07-19 17:50:14,1,411
880,M-8,E401,MEDIUM,2024-09-23 06:31:30,1,326
881,M-19,E401,MEDIUM,2024-08-25 03:13:07,1,86
882,M-13,E101,HIGH,2024-03-24 16:43:35,1,662
883,M-18,E103,LOW,2024-08-28 17:51:02,1,683
884,M-6,E103,LOW,2024-07-17 17:42:21,1,596
885,M-15,E103,LOW,2024-09-20 21:39:00,1,173
886,M-19,E103,MEDIUM,2024-11-01 13:45:40,1,444
887,M-17,E202,MEDIUM,2024-11-07 03:51:51,1,601
888,M-10,E202,LOW,2024-03-04 01:38:07,1,635
889,M-19,E103,MEDIUM,2024-09-18 10:14:56,1,423
890,M-6,E401,CRITICAL,2024-04-04 06:09:28,1,271
891,M-2,E201,CRITICAL,2024-08-02 04:28:22,0,472
892,M-14,E102,MEDIUM,2024-07-25 14:26:00,1,238
893,M-4,E401,LOW,2024-08-11 07:07:46,1,92
894,M-17,E201,MEDIUM,2024-08-07 13:13:52,1,174
895,M-13,E401,MEDIUM,2024-04-09 02:25:09,0,45
896,M-11,E102,HIGH,2024-07-26 12:08:14,1,190
897,M-17,E103,CRITICAL,2024-06-18 02:23:26,1,669
898,M-17,E102,CRITICAL,2024-03-03 16:38:13,1,237
899,M-18,E102,CRITICAL,2024-08-16 04:09:10,0,417
900,M-5,E301,LOW,2024-04-03 17:48:19,1,582
901,M-7,E202,LOW,2024-03-28 17:35:21,0,435
902,M-3,E202,LOW,2024-04-21 12:44:16,0,497
903,M-5,E103,LOW,2024-01-04 01:15:36,1,687
904,M-14,E103,MEDIUM,2024-06-09 14:00:11,1,447
905,M-4,E102,LOW,2024-09-29 01:51:51,1,299
906,M-12,E102,MEDIUM,2024-11-30 17:54:06,0,55
907,M-3,E101,HIGH,2024-08-30 19:05:36,1,614
908,M-14,E102,CRITICAL,2024-11-09 10:19:02,0,458
909,M-4,E103,LOW,2024-11-06 11:25:11,0,297
910,M-18,E101,MEDIUM,2024-09-19 18:42:13,1,680
911,M-11,E102,LOW,2024-12-02 23:41:28,1,333
912,M-10,E301,HIGH,2024-12-13 22:19:06,1,207
913,M-5,E301,CRITICAL,2024-04-26 04:08:26,1,643
914,M-12,E103,LOW,2024-09-11 15:36:12,0,54
915,M-9,E201,HIGH,2024-04-27 22:09:13,1,662
916,M-16,E101,LOW,2024-06-29 04:45:49,1,378
917,M-8,E202,LOW,2024-09-19 06:54:41,1,621
918,M-14,E401,CRITICAL,2024-09-10 19:43:10,1,549
919,M-17,E202,MEDIUM,2024-10-13 01:58:11,1,342
920,M-12,E101,LOW,2024-11-11 04:09:04,0,317
921,M-8,E301,LOW,2024-04-02 02:18:15,1,38
922,M-14,E301,LOW,2024-09-16 19:29:05,1,521
923,M-9,E201,HIGH,2024-05-28 05:28:27,1,246
924,M-14,E101,LOW,2024-04-18 07:57:12,1,354
925,M-5,E301,CRITICAL,2024-03-04 04:59:53,1,300
926,M-12,E101,MEDIUM,2024-05-30 05:57:15,1,675
927,M-4,E301,MEDIUM,2024-01-03 22:23:06,0,98
928,M-15,E201,LOW,2024-02-05 13:29:19,0,401
929,M-10,E201,LOW,2024-02-07 02:29:51,1,237
930,M-9,E101,MEDIUM,2024-03-25 05:03:47,0,309
931,M-16,E201,MEDIUM,2024-04-15 11:32:26,0,531
932,M-13,E202,HIGH,2024-08-05 09:40:56,1,664
933,M-17,E103,HIGH,2024-09-28 05:30:23,1,635
934,M-16,E201,LOW,2024-04-20 22:56:10,0,208
935,M-2,E301,HIGH,2024-03-15 23:56:04,1,160
936,M-18,E101,CRITICAL,2024-11-24 20:54:29,1,117
937,M-17,E103,LOW,2024-08-02 23:25:35,1,508
938,M-13,E401,MEDIUM,2024-04-12 10:19:47,1,341
939,M-13,E401,LOW,2024-08-03 22:00:30,1,43
940,M-17,E201,MEDIUM,2024-07-20 06:57:01,1,130
941,M-8,E201,CRITICAL,2024-08-19 09:44:26,0,11
942,M-4,E101,LOW,2024-03-22 06:36:44,1,717
943,M-18,E201,HIGH,2024-04-27 08:45:58,0,10
944,M-16,E103,LOW,2024-11-06 15:06:16,1,652
945,M-13,E101,HIGH,2024-10-14 10:16:24,0,548
946,M-9,E103,HIGH,2024-06-20 08:15:36,0,696
947,M-19,E401,LOW,2024-08-24 15:47:24,0,88
948,M-12,E301,MEDIUM,2024-10-10 14:34:18,0,500
949,M-4,E102,MEDIUM,2024-08-24 02:36:41,1,610
950,M-18,E401,MEDIUM,2024-12-13 18:01:23,1,425
951,M-10,E202,MEDIUM,2024-12-11 03:55:31,1,505
952,M-4,E101,HIGH,2024-09-12 10:28:18,0,619
953,M-9,E202,MEDIUM,2024-11-14 16:39:41,0,294
954,M-6,E102,MEDIUM,2024-10-06 07:26:22,1,511
955,M-7,E103,MEDIUM,2024-08-12 05:27:35,1,482
956,M-8,E401,MEDIUM,2024-06-11 01:40:02,1,545
957,M-1,E301,MEDIUM,2024-07-18 06:30:06,0,107
958,M-18,E102,MEDIUM,2024-12-24 14:10:16,0,645
959,M-1,E301,LOW,2024-08-09 06:09:08,1,167
960,M-8,E401,HIGH,2024-07-26 16:03:14,1,276
961,M-15,E102,CRITICAL,2024-07-10 21:10:33,0,157
962,M-11,E102,MEDIUM,2024-05-30 03:57:47,0,320
963,M-2,E202,CRITICAL,2024-09-21 23:31:57,1,584
964,M-8,E301,LOW,2024-07-28 06:08:27,0,21
965,M-17,E401,HIGH,2024-06-07 13:22:05,1,486
966,M-5,E102,HIGH,2024-12-20 11:58:33,1,303
967,M-13,E101,MEDIUM,2024-12-08 02:46:41,1,439
968,M-1,E202,HIGH,2024-10-07 17:23:37,0,488
969,M-3,E103,HIGH,2024-03-22 03:25:07,1,145
970,M-16,E202,LOW,2024-06-01 07:53:36,1,230
971,M-9,E101,LOW,2024-03-04 08:49:20,0,577
972,M-3,E202,MEDIUM,2024-01-13 18:57:45,1,526
973,M-17,E102,LOW,2024-03-09 18:42:31,1,34
974,M-9,E401,LOW,2024-02-28 13:09:42,1,196
975,M-3,E202,MEDIUM,2024-03-23 22:11:15,1,602
976,M-15,E201,LOW,2024-04-13 08:26:25,0,408
977,M-14,E103,CRITICAL,2024-11-08 20:21:25,0,708
978,M-9,E103,HIGH,2024-04-17 21:40:25,1,300
979,M-3,E103,MEDIUM,2024-04-08 13:08:37,0,676
980,M-12,E102,CRITICAL,2024-04-16 01:54:45,1,387
981,M-11,E301,LOW,2024-04-08 20:20:20,1,73
982,M-17,E301,HIGH,2024-08-28 05:47:44,0,384
983,M-15,E301,HIGH,2024-07-27 16:30:09,0,483
984,M-7,E301,HIGH,2024-01-22 01:10:02,1,485
985,M-2,E301,HIGH,2024-09-13 05:26:16,1,541
986,M-16,E101,LOW,2024-09-12 22:55:07,1,10
987,M-17,E103,MEDIUM,2024-02-26 13:33:30,1,490
988,M-9,E202,CRITICAL,2024-07-27 20:49:57,1,24
989,M-3,E401,MEDIUM,2024-05-26 09:46:44,0,317
990,M-17,E102,MEDIUM,2024-08-30 00:38:39,1,693
991,M-11,E101,MEDIUM,2024-04-27 00:58:52,1,171
992,M-15,E103,MEDIUM,2024-04-28 20:37:09,0,295
993,M-17,E202,HIGH,2024-06-19 21:35:09,0,332
994,M-1,E101,MEDIUM,2024-11-28 16:12:57,1,311
995,M-18,E101,CRITICAL,2024-12-02 02:17:46,1,139
996,M-11,E401,HIGH,2024-04-24 17:16:17,0,477
997,M-1,E202,LOW,2024-10-06 16:15:20,1,169
998,M-14,E202,HIGH,2024-08-05 01:02:21,1,604
999,M-11,E201,HIGH,2024-07-10 08:45:24,1,300
1000,M-3,E301,CRITICAL,2024-01-28 21:48:46,1,433
1001,M-12,E202,MEDIUM,2024-07-13 18:48:26,1,620
1002,M-16,E201,LOW,2024-11-15 00:05:42,0,427
1003,M-19,E401,MEDIUM,2024-08-09 02:49:03,1,640
1004,M-20,E202,MEDIUM,2024-12-09 10:47:31,1,495
1005,M-3,E103,HIGH,2024-08-05 21:59:56,0,378
1006,M-11,E103,CRITICAL,2024-09-30 06:08:59,1,281
1007,M-18,E102,MEDIUM,2024-08-09 14:33:03,1,60
1008,M-14,E201,LOW,2024-02-07 06:35:04,1,49
1009,M-13,E101,HIGH,2024-05-20 21:01:13,1,397
1010,M-4,E103,HIGH,2024-07-22 16:22:53,1,444
1011,M-5,E401,MEDIUM,2024-08-29 20:04:39,1,82
1012,M-6,E202,LOW,2024-07-29 20:58:54,1,425
1013,M-14,E401,LOW,2024-07-19 23:26:48,1,271
1014,M-17,E103,CRITICAL,2024-11-29 03:40:31,1,667
1015,M-7,E301,CRITICAL,2024-06-21 00:35:21,1,480
1016,M-15,E103,LOW,2024-12-05 10:47:20,1,444
1017,M-8,E101,HIGH,2024-04-07 13:27:00,1,90
1018,M-15,E102,LOW,2024-10-04 02:41:11,1,282
1019,M-9,E301,MEDIUM,2024-07-27 03:46:13,1,657
1020,M-17,E401,HIGH,2024-04-17 07:24:17,1,352
1021,M-15,E202,LOW,2024-07-08 21:48:39,1,297
1022,M-11,E101,HIGH,2024-07-20 22:39:43,1,562
1023,M-20,E101,HIGH,2024-05-06 16:39:17,1,41
1024,M-11,E103,MEDIUM,2024-03-01 16:50:52,0,602
1025,M-15,E401,MEDIUM,2024-06-19 03:56:48,1,525
1026,M-10,E103,LOW,2024-02-09 22:24:43,0,203
1027,M-12,E103,MEDIUM,2024-11-03 16:17:19,1,227
1028,M-5,E101,MEDIUM,2024-05-04 23:12:20,1,283
1029,M-2,E103,LOW,2024-02-11 23:39:37,1,283
1030,M-20,E102,MEDIUM,2024-11-12 00:36:09,1,507
1031,M-20,E301,HIGH,2024-07-23 15:37:45,1,180
1032,M-2,E201,MEDIUM,2024-09-08 16:35:51,1,158
1033,M-8,E301,CRITICAL,2024-01-23 12:38:08,1,718
1034,M-19,E301,LOW,2024-01-14 22:17:14,1,389
1035,M-13,E103,MEDIUM,2024-01-04 11:23:40,1,476
1036,M-6,E301,LOW,2024-03-11 20:19:02,1,112
1037,M-20,E301,HIGH,2024-08-05 01:42:52,1,509
1038,M-1,E301,LOW,2024-04-28 11:12:51,0,568
1039,M-5,E102,HIGH,2024-10-13 19:52:14,0,567
1040,M-10,E103,MEDIUM,2024-08-02 02:43:27,1,430
1041,M-4,E102,MEDIUM,2024-10-13 17:14:25,0,664
1042,M-12,E101,MEDIUM,2024-07-07 21:30:50,1,556
1043,M-16,E202,HIGH,2024-07-08 06:29:11,1,314
1044,M-6,E103,CRITICAL,2024-10-31 01:56:23,1,591
1045,M-3,E103,LOW,2024-07-07 04:54:02,1,555
1046,M-4,E101,LOW,2024-09-13 11:05:07,1,437
1047,M-11,E101,MEDIUM,2024-05-10 05:15:56,1,51
1048,M-8,E301,CRITICAL,2024-06-15 23:25:14,0,610
1049,M-14,E202,MEDIUM,2024-10-25 09:48:30,0,613
1050,M-17,E202,LOW,2024-08-12 12:33:31,1,45
1051,M-9,E401,LOW,2024-03-19 00:41:47,0,439
1052,M-9,E202,HIGH,2024-03-22 01:57:33,1,381
1053,M-9,E401,HIGH,2024-01-13 09:52:17,1,227
1054,M-10,E202,HIGH,2024-10-03 15:09:01,1,509
1055,M-7,E102,MEDIUM,2024-11-30 19:44:49,0,182
1056,M-17,E102,MEDIUM,2024-03-31 03:08:01,1,515
1057,M-19,E201,LOW,2024-07-25 10:34:46,0,211
1058,M-19,E301,LOW,2024-09-05 19:30:03,1,699
1059,M-10,E101,MEDIUM,2024-01-24 21:04:52,1,582
1060,M-2,E301,HIGH,2024-10-25 11:09:43,1,619
1061,M-19,E401,LOW,2024-05-08 03:33:48,1,548
1062,M-13,E201,CRITICAL,2024-04-21 19:10:19,1,712
1063,M-5,E401,MEDIUM,2024-10-26 21:40:54,1,335
1064,M-10,E301,CRITICAL,2024-01-15 04:57:20,0,173
1065,M-13,E101,LOW,2024-11-02 03:39:21,1,203
1066,M-3,E201,LOW,2024-07-09 09:58:10,0,329
1067,M-7,E102,CRITICAL,2024-04-02 20:18:02,1,520
1068,M-1,E101,LOW,2024-01-05 04:28:14,1,337
1069,M-8,E103,LOW,2024-08-07 10:19:09,1,574
1070,M-1,E401,CRITICAL,2024-12-21 19:32:56,0,265
1071,M-19,E103,MEDIUM,2024-10-19 16:47:48,1,3
1072,M-12,E101,LOW,2024-08-05 15:32:32,1,329
1073,M-5,E201,MEDIUM,2024-10-07 01:34:24,1,20
1074,M-15,E103,LOW,2024-11-26 20:53:26,1,49
1075,M-3,E201,MEDIUM,2024-04-30 02:16:48,0,144
1076,M-17,E401,MEDIUM,2024-09-29 09:02:07,0,259
1077,M-6,E101,LOW,2024-02-05 04:43:11,1,529
1078,M-5,E102,LOW,2024-07-13 13:03:08,1,78
1079,M-3,E101,MEDIUM,2024-12-13 14:40:38,1,569
1080,M-11,E202,LOW,2024-05-14 02:01:36,0,6
1081,M-20,E102,CRITICAL,2024-10-18 05:09:36,1,166
1082,M-15,E401,LOW,2024-09-11 07:14:59,1,341
1083,M-14,E401,MEDIUM,2024-09-14 15:05:48,1,245
1084,M-2,E101,MEDIUM,2024-12-01 18:48:46,0,170
1085,M-10,E101,MEDIUM,2024-06-25 04:40:16,1,655
1086,M-18,E401,HIGH,2024-12-27 16:25:43,0,329
1087,M-15,E102,LOW,2024-07-31 01:16:43,1,332
1088,M-2,E103,MEDIUM,2024-09-14 00:49:25,1,263
1089,M-1,E301,LOW,2024-05-06 21:05:10,1,158
1090,M-14,E401,LOW,2024-07-07 17:01:31,1,326
1091,M-4,E202,MEDIUM,2024-01-12 00:06:34,1,499
1092,M-8,E301,HIGH,2024-12-09 02:58:30,0,112
1093,M-5,E201,LOW,2024-06-03 09:42:26,0,586
1094,M-1,E102,MEDIUM,2024-05-19 10:45:42,0,653
1095,M-14,E103,HIGH,2024-10-29 22:12:30,0,129
1096,M-5,E301,LOW,2024-08-18 02:29:49,1,536
1097,M-15,E301,MEDIUM,2024-02-26 09:11:52,0,498
1098,M-5,E202,MEDIUM,2024-11-17 16:09:23,1,704
1099,M-8,E202,HIGH,2024-12-23 01:21:32,1,346
1100,M-17,E103,LOW,2024-01-14 15:57:48,1,490
1101,M-13,E102,HIGH,2024-04-29 16:54:49,1,553
1102,M-20,E202,CRITICAL,2024-12-27 18:35:35,0,607
1103,M-1,E102,CRITICAL,2024-02-26 04:42:07,0,679
1104,M-3,E101,MEDIUM,2024-06-17 08:48:09,0,569
1105,M-14,E202,LOW,2024-05-10 04:12:44,1,116
1106,M-3,E301,HIGH,2024-10-21 04:24:06,1,127
1107,M-3,E102,MEDIUM,2024-06-07 11:20:26,1,270
1108,M-20,E201,LOW,2024-02-16 09:12:08,1,424
1109,M-10,E301,LOW,2024-08-26 13:38:37,1,431
1110,M-20,E202,LOW,2024-11-07 14:09:25,0,502
1111,M-14,E202,MEDIUM,2024-10-15 19:14:16,1,653
1112,M-9,E101,LOW,2024-04-25 05:32:31,1,11
1113,M-7,E102,MEDIUM,2024-11-12 10:04:15,1,94
1114,M-17,E101,LOW,2024-05-22 21:55:04,0,622
1115,M-5,E401,CRITICAL,2024-05-21 03:54:28,1,345
1116,M-10,E102,MEDIUM,2024-10-29 23:59:32,1,400
1117,M-2,E202,HIGH,2024-03-04 09:45:48,1,416
1118,M-14,E102,MEDIUM,2024-01-27 08:42:24,1,689
1119,M-18,E101,MEDIUM,2024-04-02 06:36:17,0,28
1120,M-18,E401,MEDIUM,2024-01-23 19:56:54,1,97
1121,M-19,E103,MEDIUM,2024-01-20 16:09:34,0,566
1122,M-4,E301,MEDIUM,2024-03-05 15:06:18,1,646
1123,M-20,E101,LOW,2024-09-23 05:01:50,0,105
1124,M-5,E101,MEDIUM,2024-03-29 01:25:27,0,397
1125,M-10,E401,HIGH,2024-08-13 23:01:56,1,281
1126,M-14,E102,MEDIUM,2024-12-26 17:19:15,1,465
1127,M-15,E401,LOW,2024-11-22 18:19:53,1,299
1128,M-9,E301,LOW,2024-11-17 05:55:07,1,468
1129,M-6,E202,LOW,2024-09-25 21:27:42,1,226
1130,M-17,E201,LOW,2024-02-16 04:39:52,1,319
1131,M-15,E201,CRITICAL,2024-11-16 10:36:09,0,213
1132,M-16,E202,MEDIUM,2024-07-10 21:42:15,1,293
1133,M-14,E201,MEDIUM,2024-10-24 12:35:16,1,295
1134,M-7,E103,LOW,2024-08-31 03:33:11,0,321
1135,M-2,E201,HIGH,2024-10-29 00:52:56,1,17
1136,M-15,E301,MEDIUM,2024-01-30 09:51:53,1,364
1137,M-6,E202,MEDIUM,2024-03-24 03:40:51,1,22
1138,M-10,E101,MEDIUM,2024-06-30 19:00:17,0,351
1139,M-16,E102,LOW,2024-06-05 05:42:10,1,525
1140,M-8,E401,HIGH,2024-07-04 10:34:30,1,394
1141,M-18,E101,LOW,2024-01-19 09:12:53,0,289
1142,M-16,E103,MEDIUM,2024-08-15 02:42:47,1,16
1143,M-20,E101,HIGH,2024-05-23 05:35:01,1,608
1144,M-4,E301,CRITICAL,2024-09-29 20:04:35,1,616
1145,M-18,E202,LOW,2024-06-07 12:02:29,1,362
1146,M-18,E103,MEDIUM,2024-08-28 15:11:10,0,410
1147,M-15,E103,MEDIUM,2024-01-20 07:11:16,1,186
1148,M-13,E301,HIGH,2024-01-29 14:55:05,1,530
1149,M-5,E301,HIGH,2024-05-21 16:30:27,0,232
1150,M-14,E103,HIGH,2024-07-31 02:07:34,1,568
1151,M-5,E201,HIGH,2024-02-22 03:40:11,1,520
1152,M-5,E401,HIGH,2024-05-11 09:02:01,0,210
1153,M-9,E202,LOW,2024-06-12 21:34:09,1,175
1154,M-11,E101,LOW,2024-08-22 09:20:18,1,465
1155,M-7,E101,CRITICAL,2024-07-11 05:32:38,1,300
1156,M-15,E301,HIGH,2024-07-27 22:00:13,1,621
1157,M-4,E103,HIGH,2024-02-29 12:09:24,1,69
1158,M-1,E103,HIGH,2024-09-29 15:32:32,1,719
1159,M-16,E102,HIGH,2024-08-04 21:46:16,1,164
1160,M-15,E202,MEDIUM,2024-09-17 01:40:56,0,537
1161,M-6,E103,MEDIUM,2024-03-25 14:48:51,0,369
1162,M-18,E202,LOW,2024-08-14 05:07:23,1,533
1163,M-2,E201,LOW,2024-05-27 16:06:04,1,715
1164,M-18,E401,LOW,2024-04-23 05:26:57,0,120
1165,M-16,E102,MEDIUM,2024-05-28 15:34:16,0,289
1166,M-17,E202,LOW,2024-07-11 11:34:59,1,124
1167,M-10,E201,MEDIUM,2024-03-30 21:25:01,1,335
1168,M-1,E102,MEDIUM,2024-03-03 17:38:37,1,521
1169,M-8,E201,MEDIUM,2024-01-15 02:02:32,0,320
1170,M-4,E201,HIGH,2024-03-21 06:47:12,1,305
1171,M-16,E401,HIGH,2024-07-17 17:09:24,0,93
1172,M-9,E101,HIGH,2024-09-13 18:39:42,0,313
1173,M-8,E201,MEDIUM,2024-01-15 20:26:21,1,114
1174,M-12,E202,LOW,2024-06-16 15:57:05,1,472
1175,M-14,E202,HIGH,2024-01-07 09:28:32,1,360
1176,M-20,E102,LOW,2024-01-13 02:12:06,1,552
1177,M-6,E103,HIGH,2024-03-27 18:20:06,0,350
1178,M-11,E102,CRITICAL,2024-12-01 04:17:56,1,698
1179,M-19,E401,LOW,2024-10-27 05:51:26,1,120
1180,M-4,E103,MEDIUM,2024-02-29 10:53:46,1,350
1181,M-12,E201,LOW,2024-10-25 02:59:55,0,30
1182,M-1,E201,MEDIUM,2024-06-21 14:15:53,1,58
1183,M-19,E101,MEDIUM,2024-08-06 01:22:21,1,127
1184,M-17,E103,HIGH,2024-11-21 19:33:17,1,243
1185,M-16,E102,MEDIUM,2024-01-01 23:40:44,1,192
1186,M-6,E401,LOW,2024-12-07 17:44:20,0,140
1187,M-3,E102,MEDIUM,2024-06-04 14:49:44,0,124
1188,M-9,E401,LOW,2024-04-26 00:52:57,1,573
1189,M-4,E202,LOW,2024-02-02 15:12:18,1,350
1190,M-10,E103,CRITICAL,2024-06-12 01:32:42,1,277
1191,M-15,E101,LOW,2024-12-16 13:19:28,1,21
1192,M-7,E102,CRITICAL,2024-03-23 06:22:13,1,222
1193,M-8,E202,LOW,2024-10-04 21:41:26,1,204
1194,M-12,E103,LOW,2024-09-13 03:53:08,1,140
1195,M-17,E301,MEDIUM,2024-12-01 07:15:36,1,358
1196,M-11,E301,HIGH,2024-03-29 14:18:04,1,60
1197,M-13,E103,MEDIUM,2024-02-02 06:21:50,1,318
1198,M-12,E103,MEDIUM,2024-10-23 07:05:28,1,222
1199,M-10,E301,LOW,2024-01-13 03:39:31,1,675
1200,M-13,E202,MEDIUM,2024-01-04 11:55:28,0,189
1201,M-19,E103,HIGH,2024-04-01 04:34:21,1,353
1202,M-17,E103,MEDIUM,2024-02-13 16:46:06,0,641
1203,M-14,E102,HIGH,2024-11-30 00:35:16,1,609
1204,M-1,E101,LOW,2024-07-11 15:50:03,0,687
1205,M-7,E103,LOW,2024-01-21 16:38:57,1,159
1206,M-9,E202,HIGH,2024-05-18 04:05:43,1,326
1207,M-12,E201,LOW,2024-06-17 16:21:53,1,37
1208,M-5,E202,LOW,2024-09-05 22:34:56,1,264
1209,M-6,E101,HIGH,2024-02-03 20:31:26,1,119
1210,M-20,E103,MEDIUM,2024-09-14 14:12:21,1,95
1211,M-6,E201,LOW,2024-03-19 04:39:50,1,210
1212,M-3,E201,MEDIUM,2024-12-25 16:09:30,0,165
1213,M-5,E202,MEDIUM,2024-10-31 19:32:48,1,635
1214,M-15,E202,CRITICAL,2024-02-13 04:12:22,1,38
1215,M-1,E102,LOW,2024-11-24 21:50:37,0,264
1216,M-16,E201,CRITICAL,2024-01-07 10:29:41,1,527
1217,M-14,E201,MEDIUM,2024-12-03 19:58:06,1,587
1218,M-5,E301,MEDIUM,2024-04-01 23:48:29,1,244
1219,M-1,E101,HIGH,2024-02-16 08:40:18,1,191
1220,M-2,E101,MEDIUM,2024-12-15 23:18:27,1,42
1221,M-12,E201,HIGH,2024-08-26 14:57:48,1,301
1222,M-10,E202,MEDIUM,2024-12-14 08:03:38,0,43
1223,M-9,E301,CRITICAL,2024-03-17 04:59:39,0,217
1224,M-18,E301,LOW,2024-02-27 15:07:42,1,304
1225,M-6,E201,MEDIUM,2024-06-09 22:31:23,1,641
1226,M-1,E201,HIGH,2024-09-23 01:10:15,1,344
1227,M-20,E201,MEDIUM,2024-11-01 13:10:59,1,128
1228,M-11,E202,HIGH,2024-11-13 20:32:19,1,163
1229,M-4,E301,MEDIUM,2024-06-04 16:36:50,1,437
1230,M-14,E201,LOW,2024-11-18 09:01:26,1,257
1231,M-6,E201,LOW,2024-04-09 22:43:44,1,711
1232,M-7,E202,HIGH,2024-05-06 07:25:30,1,718
1233,M-3,E103,HIGH,2024-09-28 13:50:24,0,480
1234,M-6,E103,MEDIUM,2024-10-20 07:53:03,0,56
1235,M-11,E201,MEDIUM,2024-02-13 19:03:27,0,119
1236,M-4,E401,MEDIUM,2024-09-04 15:02:20,0,267
1237,M-4,E101,MEDIUM,2024-12-16 06:56:52,1,372
1238,M-13,E201,MEDIUM,2024-04-15 23:28:12,0,252
1239,M-13,E401,LOW,2024-01-12 09:37:13,1,489
1240,M-19,E103,CRITICAL,2024-06-25 20:35:43,1,15
1241,M-18,E101,HIGH,2024-10-13 06:43:29,1,643
1242,M-10,E401,MEDIUM,2024-10-08 03:55:00,1,165
1243,M-2,E401,MEDIUM,2024-12-15 07:47:15,1,292
1244,M-19,E103,HIGH,2024-03-03 20:09:07,0,295
1245,M-3,E201,MEDIUM,2024-05-13 11:37:55,1,39
1246,M-5,E301,HIGH,2024-07-09 06:29:05,1,500
1247,M-15,E101,MEDIUM,2024-04-08 06:38:19,1,382
1248,M-20,E301,LOW,2024-10-01 08:30:20,1,352
1249,M-9,E201,LOW,2024-05-29 13:25:29,1,144
1250,M-11,E201,LOW,2024-03-07 00:47:30,1,139
1251,M-14,E103,HIGH,2024-02-16 20:41:24,1,226
1252,M-1,E202,HIGH,2024-07-09 09:32:21,1,500
1253,M-10,E301,MEDIUM,2024-10-12 19:48:50,1,72
1254,M-8,E301,MEDIUM,2024-05-12 05:26:49,1,177
1255,M-8,E401,LOW,2024-06-26 05:46:40,1,7
1256,M-11,E202,LOW,2024-05-14 19:17:16,1,443
1257,M-4,E102,LOW,2024-10-30 16:37:36,0,192
1258,M-17,E301,HIGH,2024-12-12 04:28:24,1,628
1259,M-14,E102,MEDIUM,2024-05-21 02:05:43,1,263
1260,M-5,E103,MEDIUM,2024-06-13 12:52:55,1,432
1261,M-15,E202,CRITICAL,2024-05-16 13:15:09,0,60
1262,M-11,E401,MEDIUM,2024-12-03 02:01:34,1,653
1263,M-8,E201,HIGH,2024-10-24 18:13:27,0,268
1264,M-11,E102,LOW,2024-09-17 15:40:53,1,103
1265,M-14,E202,HIGH,2024-07-19 17:13:03,0,223
1266,M-7,E401,CRITICAL,2024-02-20 19:25:09,1,26
1267,M-14,E102,LOW,2024-06-19 21:26:43,1,121
1268,M-10,E301,CRITICAL,2024-01-14 22:40:39,1,546
1269,M-8,E201,LOW,2024-05-17 05:13:21,1,599
1270,M-4,E202,LOW,2024-09-09 06:05:52,1,717
1271,M-13,E401,MEDIUM,2024-11-18 03:12:48,0,218
1272,M-11,E202,MEDIUM,2024-09-13 06:02:24,1,307
1273,M-7,E401,HIGH,2024-02-17 03:57:54,1,91
1274,M-7,E401,HIGH,2024-10-25 03:44:20,1,395
1275,M-1,E101,MEDIUM,2024-08-10 21:26:06,1,428
1276,M-19,E201,LOW,2024-09-16 15:23:53,1,117
1277,M-17,E201,LOW,2024-11-02 03:37:51,1,202
1278,M-17,E103,HIGH,2024-02-11 18:27:10,1,435
1279,M-7,E401,HIGH,2024-04-30 08:23:21,1,245
1280,M-11,E201,HIGH,2024-02-14 21:42:50,0,225
1281,M-15,E102,MEDIUM,2024-03-08 20:34:54,0,101
1282,M-4,E102,MEDIUM,2024-01-07 08:15:11,0,173
1283,M-13,E102,LOW,2024-12-12 18:18:37,1,662
1284,M-7,E201,MEDIUM,2024-06-16 23:31:26,1,449
1285,M-20,E201,CRITICAL,2024-07-20 21:14:13,1,464
1286,M-20,E102,MEDIUM,2024-10-03 05:38:00,0,701
1287,M-3,E201,HIGH,2024-05-29 05:57:52,1,701
1288,M-3,E202,LOW,2024-07-04 19:58:15,1,33
1289,M-7,E301,MEDIUM,2024-12-21 03:57:59,1,95
1290,M-1,E202,MEDIUM,2024-11-29 22:00:26,1,386
1291,M-9,E202,LOW,2024-12-15 19:50:13,1,82
1292,M-3,E201,MEDIUM,2024-05-10 21:53:08,1,451
1293,M-8,E202,CRITICAL,2024-01-23 15:12:20,1,602
1294,M-12,E201,MEDIUM,2024-07-09 06:56:09,1,269
1295,M-2,E201,LOW,2024-06-21 06:44:55,0,413
1296,M-15,E202,HIGH,2024-11-20 19:14:49,1,685
1297,M-7,E301,LOW,2024-10-12 09:08:24,1,562
1298,M-11,E102,CRITICAL,2024-04-12 21:14:27,1,615
1299,M-2,E301,LOW,2024-08-26 06:55:36,0,409
1300,M-12,E202,LOW,2024-02-03 12:54:55,1,386
1301,M-7,E101,LOW,2024-12-23 03:58:51,0,425
1302,M-12,E201,LOW,2024-01-20 09:48:02,1,324
1303,M-7,E102,MEDIUM,2024-02-11 03:50:49,1,605
1304,M-11,E202,HIGH,2024-03-11 23:14:28,1,486
1305,M-1,E101,LOW,2024-05-21 17:29:41,0,560
1306,M-13,E401,HIGH,2024-04-06 09:45:49,0,608
1307,M-12,E201,MEDIUM,2024-10-29 21:42:24,1,631
1308,M-4,E103,LOW,2024-12-06 14:19:09,1,610
1309,M-3,E103,MEDIUM,2024-07-24 00:09:35,0,237
1310,M-17,E301,MEDIUM,2024-02-22 03:29:19,1,481
1311,M-1,E202,LOW,2024-09-11 07:53:55,1,619
1312,M-17,E202,MEDIUM,2024-11-12 11:37:32,0,19
1313,M-19,E201,MEDIUM,2024-03-14 07:10:10,1,510
1314,M-19,E202,MEDIUM,2024-06-18 20:46:23,0,180
1315,M-14,E103,MEDIUM,2024-09-17 09:31:51,1,328
1316,M-3,E103,LOW,2024-10-08 00:09:09,1,634
1317,M-6,E101,MEDIUM,2024-06-01 21:07:42,1,292
1318,M-20,E401,LOW,2024-09-04 13:08:34,1,21
1319,M-17,E103,LOW,2024-03-03 23:09:17,1,25
1320,M-20,E301,MEDIUM,2024-07-01 06:12:45,1,288
1321,M-17,E401,MEDIUM,2024-10-17 12:35:33,1,583
1322,M-15,E401,HIGH,2024-09-02 10:31:45,0,45
1323,M-14,E101,LOW,2024-11-13 12:18:55,1,125
1324,M-17,E102,MEDIUM,2024-09-22 21:23:07,0,611
1325,M-13,E202,LOW,2024-07-04 07:22:09,1,650
1326,M-6,E202,HIGH,2024-12-21 02:38:00,1,368
1327,M-13,E301,LOW,2024-09-09 19:00:49,1,370
1328,M-9,E102,HIGH,2024-02-13 04:37:04,1,405
1329,M-7,E201,MEDIUM,2024-05-23 20:28:16,1,537
1330,M-7,E101,HIGH,2024-01-25 17:35:23,1,526
1331,M-1,E202,LOW,2024-08-09 08:56:10,1,281
1332,M-16,E102,MEDIUM,2024-06-06 05:13:54,1,371
1333,M-20,E102,MEDIUM,2024-10-29 22:36:06,1,514
1334,M-3,E201,HIGH,2024-02-02 10:54:52,1,220
1335,M-9,E103,LOW,2024-06-04 00:45:40,1,262
1336,M-3,E401,CRITICAL,2024-08-21 06:44:25,0,365
1337,M-17,E301,HIGH,2024-02-16 04:34:13,1,60
1338,M-20,E301,MEDIUM,2024-04-08 09:17:20,1,47
1339,M-6,E102,LOW,2024-11-06 11:09:10,1,643
1340,M-2,E301,CRITICAL,2024-06-07 23:34:07,1,672
1341,M-1,E401,MEDIUM,2024-01-15 11:17:17,1,47
1342,M-19,E202,LOW,2024-04-26 22:06:33,1,119
1343,M-14,E103,MEDIUM,2024-01-24 13:24:25,1,44
1344,M-13,E301,LOW,2024-02-12 21:55:24,1,612
1345,M-8,E202,HIGH,2024-06-22 14:53:11,1,497
1346,M-19,E401,MEDIUM,2024-05-15 10:22:52,1,136
1347,M-8,E401,CRITICAL,2024-11-07 05:33:23,1,666
1348,M-8,E401,LOW,2024-01-22 23:18:08,1,499
1349,M-12,E102,HIGH,2024-08-31 18:38:43,1,197
1350,M-17,E301,MEDIUM,2024-01-13 16:12:17,1,353
1351,M-20,E102,HIGH,2024-11-05 16:30:15,1,330
1352,M-4,E201,LOW,2024-02-28 04:24:18,1,398
1353,M-17,E202,MEDIUM,2024-05-22 07:21:30,1,7
1354,M-8,E101,HIGH,2024-12-29 02:55:54,1,652
1355,M-17,E401,MEDIUM,2024-03-03 09:19:16,1,450
1356,M-10,E201,MEDIUM,2024-05-01 20:55:39,1,175
1357,M-8,E201,HIGH,2024-01-21 20:41:03,1,514
1358,M-19,E102,LOW,2024-10-16 19:31:07,0,353
1359,M-9,E301,MEDIUM,2024-12-16 03:59:28,1,40
1360,M-1,E102,LOW,2024-08-09 06:26:23,1,280
1361,M-3,E301,LOW,2024-10-24 23:32:25,0,355
1362,M-4,E401,HIGH,2024-02-03 01:37:12,0,650
1363,M-7,E103,MEDIUM,2024-08-07 13:41:13,1,197
1364,M-5,E401,LOW,2024-03-29 05:18:11,0,586
1365,M-10,E201,LOW,2024-10-04 22:17:21,1,358
1366,M-20,E201,LOW,2024-01-31 04:43:54,1,567
1367,M-6,E102,MEDIUM,2024-08-29 20:05:13,0,515
1368,M-16,E103,LOW,2024-04-14 04:49:34,1,542
1369,M-14,E301,CRITICAL,2024-07-25 15:11:35,1,379
1370,M-8,E202,LOW,2024-11-27 13:59:12,1,553
1371,M-8,E102,MEDIUM,2024-08-12 06:34:52,0,294
1372,M-19,E102,HIGH,2024-03-23 06:52:41,0,98
1373,M-11,E401,MEDIUM,2024-01-09 21:40:21,0,417
1374,M-16,E401,LOW,2024-03-26 21:32:54,0,283
1375,M-14,E102,MEDIUM,2024-01-07 02:34:27,1,215
1376,M-7,E401,MEDIUM,2024-03-07 21:00:31,1,108
1377,M-14,E101,LOW,2024-06-15 14:39:04,1,335
1378,M-13,E301,HIGH,2024-10-01 14:28:56,1,430
1379,M-9,E101,MEDIUM,2024-02-23 23:12:30,1,110
1380,M-10,E202,LOW,2024-04-17 14:01:41,1,89
1381,M-11,E103,HIGH,2024-09-04 20:41:45,1,659
1382,M-16,E102,MEDIUM,2024-08-08 14:42:20,1,41
1383,M-16,E202,HIGH,2024-05-10 16:03:42,0,668
1384,M-10,E102,LOW,2024-02-18 11:08:44,1,415
1385,M-3,E103,HIGH,2024-08-24 02:06:21,1,46
1386,M-8,E202,LOW,2024-07-12 05:43:57,1,278
1387,M-3,E101,LOW,2024-06-17 00:24:32,0,510
1388,M-1,E103,HIGH,2024-08-20 23:29:46,1,449
1389,M-2,E101,MEDIUM,2024-06-22 19:12:28,1,391
1390,M-4,E301,LOW,2024-11-28 03:27:01,1,595
1391,M-9,E301,MEDIUM,2024-09-11 16:17:34,1,370
1392,M-14,E401,MEDIUM,2024-06-20 17:28:14,1,362
1393,M-10,E201,LOW,2024-07-20 00:23:06,1,552
1394,M-2,E103,LOW,2024-12-01 04:27:35,1,656
1395,M-6,E101,MEDIUM,2024-01-17 18:44:29,1,621
1396,M-17,E102,MEDIUM,2024-06-20 01:50:30,0,718
1397,M-14,E301,MEDIUM,2024-03-03 13:43:16,1,580
1398,M-16,E102,MEDIUM,2024-09-25 08:22:31,1,510
1399,M-4,E202,LOW,2024-08-28 09:03:36,1,610
1400,M-15,E401,HIGH,2024-07-22 09:14:03,1,373
1401,M-3,E401,HIGH,2024-03-23 11:26:10,0,575
1402,M-15,E202,MEDIUM,2024-09-20 20:49:27,1,491
1403,M-17,E103,LOW,2024-06-20 01:04:02,1,697
1404,M-1,E102,MEDIUM,2024-07-06 20:18:34,1,398
1405,M-9,E201,HIGH,2024-03-27 10:50:27,0,625
1406,M-13,E102,HIGH,2024-07-31 08:47:00,0,20
1407,M-20,E202,MEDIUM,2024-08-22 17:56:29,0,561
1408,M-6,E201,MEDIUM,2024-01-18 21:04:07,1,604
1409,M-1,E401,CRITICAL,2024-11-29 08:36:53,1,188
1410,M-16,E401,MEDIUM,2024-10-30 23:34:45,0,548
1411,M-16,E201,CRITICAL,2024-07-16 06:30:27,1,57
1412,M-11,E102,LOW,2024-08-21 12:47:55,1,711
1413,M-13,E103,LOW,2024-03-17 10:17:18,1,689
1414,M-17,E101,MEDIUM,2024-10-23 03:13:03,1,204
1415,M-7,E301,MEDIUM,2024-05-19 03:37:08,1,249
1416,M-9,E103,CRITICAL,2024-10-23 05:13:45,1,702
1417,M-13,E102,LOW,2024-11-14 13:15:29,1,123
1418,M-11,E102,MEDIUM,2024-06-20 17:04:22,0,10
1419,M-13,E201,MEDIUM,2024-04-02 10:36:30,1,514
1420,M-1,E103,HIGH,2024-02-20 20:22:28,1,624
1421,M-8,E301,HIGH,2024-01-27 16:15:23,1,76
1422,M-10,E202,LOW,2024-07-11 06:55:44,1,542
1423,M-20,E301,HIGH,2024-07-23 20:56:49,0,364
1424,M-11,E101,MEDIUM,2024-10-05 15:33:39,1,356
1425,M-14,E301,MEDIUM,2024-07-04 17:43:29,1,548
1426,M-17,E101,HIGH,2024-07-24 07:18:06,1,589
1427,M-9,E201,LOW,2024-04-01 06:10:08,1,217
1428,M-11,E201,MEDIUM,2024-11-28 13:17:47,0,598
1429,M-19,E101,LOW,2024-09-28 11:00:25,1,224
1430,M-15,E202,MEDIUM,2024-10-28 00:39:31,1,532
1431,M-14,E101,LOW,2024-03-20 19:36:52,0,610
1432,M-11,E102,LOW,2024-06-06 20:50:24,1,312
1433,M-2,E101,MEDIUM,2024-03-29 03:47:59,1,109
1434,M-16,E201,LOW,2024-12-07 05:01:27,1,102
1435,M-7,E201,LOW,2024-08-24 20:19:45,0,159
1436,M-1,E401,MEDIUM,2024-06-27 05:08:02,0,504
1437,M-17,E102,LOW,2024-02-06 21:12:08,0,504
1438,M-18,E301,LOW,2024-07-16 11:47:47,1,210
1439,M-20,E102,LOW,2024-09-22 22:01:50,1,209
1440,M-7,E103,HIGH,2024-05-24 05:52:04,1,416
1441,M-4,E103,LOW,2024-11-24 12:36:05,1,172
1442,M-12,E103,MEDIUM,2024-01-25 22:16:53,1,427
1443,M-10,E201,HIGH,2024-03-12 18:18:44,0,664
1444,M-18,E201,LOW,2024-05-23 14:56:49,1,574
1445,M-9,E401,HIGH,2024-07-26 23:56:26,1,34
1446,M-9,E102,LOW,2024-01-27 06:23:27,1,606
1447,M-4,E401,MEDIUM,2024-03-17 00:41:14,1,423
1448,M-6,E102,CRITICAL,2024-11-25 17:12:58,1,102
1449,M-20,E401,LOW,2024-07-19 17:41:42,0,491
1450,M-7,E103,MEDIUM,2024-05-21 16:57:52,1,594
1451,M-11,E101,LOW,2024-04-01 03:49:22,1,277
1452,M-9,E201,MEDIUM,2024-03-28 05:53:21,1,625
1453,M-17,E103,LOW,2024-09-05 11:29:56,1,577
1454,M-5,E202,LOW,2024-08-10 06:23:41,1,285
1455,M-20,E101,LOW,2024-06-21 02:59:15,0,268
1456,M-9,E201,LOW,2024-02-09 08:09:44,0,296
1457,M-15,E202,LOW,2024-06-15 09:22:34,1,304
1458,M-4,E101,HIGH,2024-12-24 04:59:43,0,22
1459,M-11,E101,LOW,2024-08-18 07:01:43,1,358
1460,M-12,E202,HIGH,2024-11-02 23:36:26,1,153
1461,M-15,E301,MEDIUM,2024-06-24 10:12:47,1,620
1462,M-18,E103,LOW,2024-01-15 13:10:43,1,464
1463,M-10,E301,HIGH,2024-04-23 06:43:35,1,682
1464,M-3,E301,HIGH,2024-11-11 19:56:23,0,482
1465,M-2,E102,LOW,2024-12-26 15:58:41,1,607
1466,M-7,E401,MEDIUM,2024-02-11 06:48:48,1,585
1467,M-9,E301,LOW,2024-09-20 01:57:03,1,178
1468,M-17,E401,MEDIUM,2024-02-08 04:58:44,1,13
1469,M-20,E103,MEDIUM,2024-06-26 01:41:18,1,619
1470,M-4,E401,MEDIUM,2024-11-30 00:31:56,1,209
1471,M-8,E201,LOW,2024-11-14 01:13:37,0,512
1472,M-9,E201,MEDIUM,2024-07-25 03:07:33,1,690
1473,M-8,E101,MEDIUM,2024-01-16 12:36:08,1,537
1474,M-9,E101,LOW,2024-02-25 20:40:02,1,7
1475,M-15,E301,LOW,2024-03-15 15:10:34,0,371
1476,M-14,E202,LOW,2024-03-24 02:40:06,1,313
1477,M-10,E202,LOW,2024-10-08 23:11:11,1,521
1478,M-17,E201,LOW,2024-10-27 10:16:39,1,243
1479,M-3,E301,MEDIUM,2024-09-25 00:25:03,0,573
1480,M-11,E103,MEDIUM,2024-10-13 09:35:51,1,421
1481,M-10,E102,LOW,2024-11-15 14:40:14,1,652
1482,M-19,E201,LOW,2024-06-24 04:50:30,1,686
1483,M-2,E202,MEDIUM,2024-07-23 00:30:50,1,370
1484,M-15,E202,LOW,2024-08-22 06:01:10,0,15
1485,M-17,E103,LOW,2024-08-16 06:30:05,0,563
1486,M-14,E103,LOW,2024-02-13 14:33:32,1,198
1487,M-15,E301,LOW,2024-04-13 00:49:19,1,543
1488,M-16,E103,CRITICAL,2024-08-15 02:23:43,1,622
1489,M-12,E301,LOW,2024-03-21 20:40:55,0,255
1490,M-20,E401,MEDIUM,2024-12-11 19:58:11,0,123
1491,M-1,E103,MEDIUM,2024-09-15 13:37:02,1,530
1492,M-6,E102,LOW,2024-03-11 05:33:41,1,31
1493,M-14,E201,CRITICAL,2024-03-09 15:41:10,1,243
1494,M-5,E201,CRITICAL,2024-11-20 09:32:49,0,82
1495,M-17,E102,LOW,2024-10-09 04:50:17,1,503
1496,M-7,E301,CRITICAL,2024-12-13 07:38:51,1,539
1497,M-12,E103,HIGH,2024-01-22 08:52:34,1,388
1498,M-8,E401,HIGH,2024-04-08 05:57:05,1,583
1499,M-10,E301,MEDIUM,2024-01-20 13:06:24,1,651
1500,M-20,E201,MEDIUM,2024-02-16 04:45:05,1,520
1501,M-9,E202,CRITICAL,2024-02-02 09:11:31,1,34
1502,M-8,E102,CRITICAL,2024-11-30 10:41:15,1,272
1503,M-8,E202,LOW,2024-06-30 05:38:00,1,637
1504,M-9,E103,MEDIUM,2024-09-17 10:32:19,0,103
1505,M-14,E103,LOW,2024-03-01 05:00:52,1,707
1506,M-18,E101,LOW,2024-04-22 19:29:36,1,330
1507,M-4,E103,MEDIUM,2024-02-13 21:41:37,0,254
1508,M-15,E401,MEDIUM,2024-08-06 22:44:10,1,101
1509,M-12,E201,LOW,2024-11-02 08:23:34,0,310
1510,M-9,E103,LOW,2024-11-18 03:32:01,0,516
1511,M-17,E202,MEDIUM,2024-10-24 07:49:39,1,219
1512,M-2,E201,CRITICAL,2024-08-25 22:44:22,1,299
1513,M-8,E102,MEDIUM,2024-06-11 08:42:19,0,335
1514,M-6,E102,LOW,2024-07-05 16:34:05,0,535
1515,M-5,E103,MEDIUM,2024-10-03 13:02:32,1,473
1516,M-12,E103,LOW,2024-01-28 02:09:55,1,290
1517,M-1,E101,LOW,2024-02-19 15:43:10,1,187
1518,M-13,E202,LOW,2024-06-15 16:07:02,1,307
1519,M-16,E301,LOW,2024-07-14 19:25:23,1,707
1520,M-15,E301,MEDIUM,2024-09-18 15:03:45,0,482
1521,M-16,E301,HIGH,2024-10-17 23:14:43,1,10
1522,M-5,E301,MEDIUM,2024-06-08 13:42:37,0,46
1523,M-9,E101,MEDIUM,2024-09-16 04:57:35,1,385
1524,M-10,E201,HIGH,2024-09-17 20:12:21,1,518
1525,M-20,E301,MEDIUM,2024-08-24 06:51:00,1,209
1526,M-8,E102,MEDIUM,2024-04-10 08:19:37,1,243
1527,M-15,E103,MEDIUM,2024-06-20 06:11:31,0,430
1528,M-1,E101,MEDIUM,2024-08-03 23:36:45,1,489
1529,M-15,E202,MEDIUM,2024-01-14 10:23:42,1,330
1530,M-3,E102,MEDIUM,2024-09-04 00:52:45,1,680
1531,M-9,E301,LOW,2024-11-18 14:56:11,0,644
1532,M-16,E202,MEDIUM,2024-03-12 13:08:30,0,325
1533,M-9,E102,HIGH,2024-08-31 03:19:25,1,599
1534,M-18,E201,HIGH,2024-10-19 04:25:38,0,210
1535,M-17,E101,MEDIUM,2024-03-06 21:42:19,1,398
1536,M-7,E101,MEDIUM,2024-02-14 09:17:41,1,629
1537,M-15,E101,MEDIUM,2024-04-05 06:42:57,1,465
1538,M-7,E201,LOW,2024-08-06 22:57:39,1,607
1539,M-8,E101,HIGH,2024-09-06 20:41:41,1,507
1540,M-13,E101,LOW,2024-09-21 14:29:39,1,407
1541,M-6,E102,HIGH,2024-08-11 13:20:41,1,530
1542,M-15,E202,LOW,2024-03-22 21:36:20,1,89
1543,M-2,E102,LOW,2024-05-08 23:25:39,1,309
1544,M-8,E202,MEDIUM,2024-09-14 06:54:21,1,224
1545,M-17,E301,LOW,2024-08-19 06:02:01,0,25
1546,M-20,E102,MEDIUM,2024-12-21 16:12:24,0,22
1547,M-18,E102,MEDIUM,2024-02-17 02:41:21,1,190
1548,M-8,E101,LOW,2024-02-02 20:38:21,1,689
1549,M-18,E401,LOW,2024-09-21 06:38:38,1,323
1550,M-9,E202,MEDIUM,2024-09-05 09:24:09,1,163
1551,M-11,E201,MEDIUM,2024-06-14 04:05:18,1,334
1552,M-13,E102,LOW,2024-05-20 08:00:47,0,417
1553,M-5,E401,HIGH,2024-04-05 02:35:54,0,497
1554,M-10,E103,MEDIUM,2024-05-27 07:08:22,1,66
1555,M-1,E103,CRITICAL,2024-10-03 07:00:41,0,221
1556,M-5,E102,MEDIUM,2024-06-15 01:33:18,1,416
1557,M-13,E401,LOW,2024-10-27 11:56:56,1,409
1558,M-13,E201,HIGH,2024-10-09 14:57:46,1,90
1559,M-8,E201,HIGH,2024-02-28 14:40:04,1,612
1560,M-18,E102,LOW,2024-01-14 06:15:50,1,693
1561,M-18,E202,HIGH,2024-11-10 00:32:28,1,154
1562,M-5,E401,LOW,2024-02-18 11:48:03,1,636
1563,M-6,E201,HIGH,2024-05-29 17:14:24,1,175
1564,M-17,E102,MEDIUM,2024-07-20 03:57:26,0,447
1565,M-6,E103,MEDIUM,2024-02-23 23:51:45,1,356
1566,M-3,E401,MEDIUM,2024-08-30 20:44:26,1,259
1567,M-8,E201,HIGH,2024-10-25 03:49:10,1,83
1568,M-14,E401,MEDIUM,2024-08-17 23:18:09,1,429
1569,M-18,E202,MEDIUM,2024-07-12 20:41:56,1,669
1570,M-18,E201,MEDIUM,2024-08-11 22:26:35,1,543
1571,M-8,E301,CRITICAL,2024-04-15 13:12:07,0,469
1572,M-13,E102,MEDIUM,2024-01-18 08:30:56,1,715
1573,M-6,E202,MEDIUM,2024-05-01 14:03:07,1,515
1574,M-7,E103,CRITICAL,2024-06-09 07:51:10,1,487
1575,M-5,E101,MEDIUM,2024-04-05 15:26:26,0,211
1576,M-16,E201,LOW,2024-06-18 17:07:45,1,455
1577,M-14,E301,LOW,2024-09-21 11:20:32,0,237
1578,M-9,E102,LOW,2024-07-09 05:07:48,1,462
1579,M-10,E101,LOW,2024-10-30 20:19:49,1,538
1580,M-19,E103,MEDIUM,2024-04-18 13:15:24,1,141
1581,M-6,E103,MEDIUM,2024-03-10 09:37:47,1,583
1582,M-18,E201,HIGH,2024-08-09 21:46:52,1,450
1583,M-13,E202,HIGH,2024-09-02 16:06:26,1,568
1584,M-5,E102,MEDIUM,2024-12-04 04:04:30,1,490
1585,M-3,E103,CRITICAL,2024-05-16 01:14:52,1,245
1586,M-7,E201,CRITICAL,2024-06-11 01:22:04,1,473
1587,M-17,E401,HIGH,2024-07-11 08:24:04,1,552
1588,M-19,E101,LOW,2024-03-18 06:48:53,1,317
1589,M-15,E202,MEDIUM,2024-08-30 20:18:14,1,399
1590,M-13,E301,LOW,2024-03-06 22:00:35,1,353
1591,M-12,E101,CRITICAL,2024-12-03 18:34:00,1,188
1592,M-1,E301,CRITICAL,2024-11-15 01:56:22,1,348
1593,M-7,E201,MEDIUM,2024-12-24 19:52:45,0,176
1594,M-6,E101,LOW,2024-06-26 19:33:26,0,401
1595,M-15,E101,MEDIUM,2024-03-18 01:24:21,1,91
1596,M-12,E202,CRITICAL,2024-04-04 23:15:47,1,69
1597,M-10,E101,MEDIUM,2024-05-23 20:49:16,1,149
1598,M-6,E201,MEDIUM,2024-10-04 19:54:32,1,160
1599,M-12,E103,LOW,2024-01-29 10:40:28,1,236
1600,M-9,E101,CRITICAL,2024-07-31 01:11:40,0,360
1601,M-5,E401,MEDIUM,2024-01-09 07:40:07,0,710
1602,M-17,E301,MEDIUM,2024-04-23 07:00:03,0,30
1603,M-18,E301,HIGH,2024-10-03 00:18:18,0,271
1604,M-18,E101,MEDIUM,2024-10-01 22:37:46,0,513
1605,M-17,E301,CRITICAL,2024-04-02 19:23:48,1,713
1606,M-9,E103,CRITICAL,2024-02-23 22:04:16,0,32
1607,M-6,E301,LOW,2024-03-27 04:18:24,1,506
1608,M-15,E301,LOW,2024-12-15 10:56:37,1,374
1609,M-5,E401,MEDIUM,2024-09-06 06:24:03,0,109
1610,M-8,E101,CRITICAL,2024-09-01 01:28:45,1,97
1611,M-16,E401,HIGH,2024-01-12 10:59:23,1,158
1612,M-5,E401,LOW,2024-08-26 08:32:27,1,166
1613,M-11,E101,LOW,2024-12-02 07:42:28,1,371
1614,M-15,E102,MEDIUM,2024-10-03 12:00:11,1,663
1615,M-5,E202,CRITICAL,2024-05-31 15:38:59,0,448
1616,M-1,E102,MEDIUM,2024-10-23 09:02:20,0,578
1617,M-19,E103,MEDIUM,2024-08-23 12:45:34,1,434
1618,M-2,E301,MEDIUM,2024-11-13 04:27:22,0,648
1619,M-6,E202,MEDIUM,2024-12-02 04:06:23,1,50
1620,M-2,E301,CRITICAL,2024-05-02 00:32:57,1,635
1621,M-9,E102,MEDIUM,2024-09-13 23:58:17,1,704
1622,M-12,E103,LOW,2024-05-30 17:39:41,1,170
1623,M-19,E301,HIGH,2024-09-28 15:05:07,1,366
1624,M-13,E401,LOW,2024-06-02 02:01:10,1,688
1625,M-11,E103,MEDIUM,2024-05-20 11:26:36,1,423
1626,M-10,E301,MEDIUM,2024-02-04 17:59:41,1,612
1627,M-18,E401,MEDIUM,2024-11-20 23:33:35,0,510
1628,M-3,E101,LOW,2024-06-15 23:51:01,0,52
1629,M-11,E201,CRITICAL,2024-04-20 06:32:33,1,354
1630,M-13,E401,MEDIUM,2024-09-12 11:10:25,1,405
1631,M-10,E201,LOW,2024-06-20 19:17:23,1,111
1632,M-11,E301,HIGH,2024-05-24 06:37:49,0,266
1633,M-11,E101,LOW,2024-04-15 01:51:04,0,550
1634,M-7,E103,MEDIUM,2024-10-24 11:36:35,0,167
1635,M-8,E202,MEDIUM,2024-09-12 23:36:46,0,673
1636,M-13,E102,LOW,2024-06-11 20:16:21,0,432
1637,M-6,E401,MEDIUM,2024-04-20 03:27:20,1,673
1638,M-18,E202,MEDIUM,2024-04-17 03:50:00,1,363
1639,M-8,E202,HIGH,2024-01-17 13:44:58,1,376
1640,M-3,E102,MEDIUM,2024-03-14 11:19:22,0,95
1641,M-20,E101,MEDIUM,2024-06-17 00:48:43,1,345
1642,M-11,E202,CRITICAL,2024-04-04 18:04:14,1,313
1643,M-9,E103,HIGH,2024-01-07 19:15:20,1,447
1644,M-18,E101,MEDIUM,2024-03-13 08:11:30,1,31
1645,M-4,E401,LOW,2024-07-19 05:50:20,1,353
1646,M-20,E401,LOW,2024-04-28 16:42:30,0,633
1647,M-10,E103,CRITICAL,2024-06-09 12:07:43,0,421
1648,M-20,E103,HIGH,2024-11-01 16:14:08,1,402
1649,M-16,E201,LOW,2024-10-23 22:17:42,1,301
1650,M-7,E201,MEDIUM,2024-06-25 09:17:12,0,572
1651,M-13,E201,MEDIUM,2024-10-10 09:30:37,0,697
1652,M-11,E202,HIGH,2024-06-21 12:42:42,1,476
1653,M-17,E103,LOW,2024-05-31 20:29:19,1,198
1654,M-15,E202,LOW,2024-07-29 04:59:15,1,448
1655,M-15,E301,CRITICAL,2024-12-24 07:13:22,0,501
1656,M-1,E101,LOW,2024-02-12 23:12:04,0,189
1657,M-12,E103,LOW,2024-12-19 16:03:29,0,72
1658,M-2,E101,LOW,2024-06-25 17:58:11,1,182
1659,M-11,E202,MEDIUM,2024-11-17 01:20:29,1,339
1660,M-15,E401,LOW,2024-03-24 18:38:18,1,516
1661,M-13,E201,MEDIUM,2024-12-27 16:46:03,1,394
1662,M-2,E201,LOW,2024-03-10 18:25:00,1,710
1663,M-3,E101,MEDIUM,2024-11-16 23:40:44,1,564
1664,M-16,E101,LOW,2024-06-02 21:05:36,0,309
1665,M-5,E101,MEDIUM,2024-10-15 02:16:45,0,234
1666,M-1,E301,MEDIUM,2024-10-12 20:14:00,1,171
1667,M-13,E201,MEDIUM,2024-08-05 04:50:13,1,677
1668,M-10,E202,MEDIUM,2024-01-06 13:57:31,0,236
1669,M-17,E301,LOW,2024-12-18 16:15:56,1,650
1670,M-6,E301,MEDIUM,2024-09-23 11:34:48,1,536
1671,M-4,E401,HIGH,2024-10-22 18:12:39,1,355
1672,M-17,E103,MEDIUM,2024-02-21 09:59:07,1,445
1673,M-5,E103,MEDIUM,2024-10-01 06:55:38,1,168
1674,M-12,E202,LOW,2024-03-07 20:38:46,1,215
1675,M-2,E101,HIGH,2024-07-14 22:47:22,1,123
1676,M-17,E101,LOW,2024-09-20 22:25:54,1,610
1677,M-1,E201,LOW,2024-05-06 01:09:37,1,143
1678,M-8,E301,LOW,2024-11-21 14:00:42,1,192
1679,M-10,E301,MEDIUM,2024-04-09 09:43:14,1,282
1680,M-15,E102,MEDIUM,2024-07-26 19:27:25,1,423
1681,M-12,E301,LOW,2024-05-09 12:24:02,0,168
1682,M-11,E102,CRITICAL,2024-09-09 13:54:54,1,8
1683,M-16,E101,HIGH,2024-09-14 13:18:45,1,514
1684,M-18,E102,LOW,2024-12-13 18:02:17,1,707
1685,M-6,E102,MEDIUM,2024-01-28 11:33:16,1,179
1686,M-1,E101,CRITICAL,2024-10-11 22:31:27,0,433
1687,M-14,E401,CRITICAL,2024-06-15 13:03:21,1,454
1688,M-8,E301,HIGH,2024-03-15 20:15:48,1,61
1689,M-7,E301,LOW,2024-04-17 00:04:43,1,261
1690,M-11,E102,HIGH,2024-03-18 01:09:03,0,408
1691,M-20,E202,MEDIUM,2024-12-05 14:02:18,1,400
1692,M-11,E202,HIGH,2024-03-27 18:27:48,0,626
1693,M-18,E201,MEDIUM,2024-02-03 04:15:24,1,331
1694,M-15,E401,MEDIUM,2024-02-18 04:16:23,1,280
1695,M-9,E201,MEDIUM,2024-10-28 23:34:19,1,452
1696,M-5,E101,HIGH,2024-03-01 02:43:10,1,81
1697,M-14,E102,HIGH,2024-05-10 01:56:21,0,682
1698,M-4,E102,LOW,2024-10-01 08:12:29,1,697
1699,M-1,E103,LOW,2024-12-12 08:47:34,0,152
1700,M-10,E201,LOW,2024-10-27 06:26:49,1,510
1701,M-20,E301,LOW,2024-02-21 13:39:22,1,50
1702,M-5,E103,LOW,2024-09-29 04:45:51,1,126
1703,M-13,E201,MEDIUM,2024-04-11 03:28:31,1,715
1704,M-8,E401,LOW,2024-05-16 14:17:08,0,405
1705,M-10,E103,LOW,2024-07-10 01:55:36,0,290
1706,M-9,E202,MEDIUM,2024-06-02 13:54:53,1,500
1707,M-1,E401,HIGH,2024-06-24 18:01:09,1,280
1708,M-13,E301,MEDIUM,2024-08-05 01:57:45,1,13
1709,M-1,E301,LOW,2024-03-01 12:44:13,0,195
1710,M-17,E301,MEDIUM,2024-05-29 00:02:47,1,185
1711,M-3,E102,CRITICAL,2024-03-12 15:11:43,0,241
1712,M-13,E301,CRITICAL,2024-01-20 18:43:40,0,132
1713,M-9,E102,MEDIUM,2024-07-25 18:55:17,1,399
1714,M-1,E202,LOW,2024-02-18 14:54:47,0,213
1715,M-18,E301,MEDIUM,2024-04-29 21:07:47,1,1
1716,M-7,E401,LOW,2024-11-26 04:36:59,0,22
1717,M-19,E103,LOW,2024-04-12 05:55:37,1,390
1718,M-7,E102,CRITICAL,2024-08-21 02:17:14,1,145
1719,M-3,E401,HIGH,2024-01-19 21:56:34,1,710
1720,M-18,E102,HIGH,2024-02-16 17:08:20,1,174
1721,M-1,E103,HIGH,2024-11-16 01:55:20,1,34
1722,M-18,E102,MEDIUM,2024-01-07 01:29:44,0,604
1723,M-5,E103,HIGH,2024-12-28 22:00:01,1,295
1724,M-5,E201,MEDIUM,2024-04-28 12:36:50,0,512
1725,M-15,E401,CRITICAL,2024-09-12 11:39:44,1,556
1726,M-20,E101,MEDIUM,2024-12-17 20:06:14,0,329
1727,M-20,E301,MEDIUM,2024-04-30 03:22:01,1,550
1728,M-10,E102,HIGH,2024-08-19 00:32:51,1,32
1729,M-18,E201,MEDIUM,2024-08-04 13:04:40,0,296
1730,M-5,E202,LOW,2024-06-17 20:58:12,1,205
1731,M-1,E201,HIGH,2024-12-05 17:32:28,1,190
1732,M-15,E301,HIGH,2024-09-23 09:18:26,1,492
1733,M-11,E301,LOW,2024-08-12 21:20:41,0,560
1734,M-4,E202,LOW,2024-02-03 06:21:57,1,47
1735,M-4,E401,MEDIUM,2024-06-08 04:01:34,1,628
1736,M-7,E201,CRITICAL,2024-06-12 12:42:32,1,669
1737,M-1,E401,MEDIUM,2024-02-25 12:42:39,1,703
1738,M-13,E301,MEDIUM,2024-05-12 17:35:13,1,691
1739,M-16,E201,HIGH,2024-09-29 08:42:22,1,628
1740,M-5,E103,CRITICAL,2024-08-16 12:49:16,1,496
1741,M-8,E301,LOW,2024-11-18 22:08:03,0,624
1742,M-7,E102,CRITICAL,2024-07-08 04:12:39,1,316
1743,M-14,E301,MEDIUM,2024-08-23 11:56:55,0,212
1744,M-10,E401,LOW,2024-03-07 13:14:14,1,624
1745,M-18,E102,LOW,2024-11-12 01:32:35,1,235
1746,M-5,E401,LOW,2024-09-05 02:26:36,0,401
1747,M-11,E401,HIGH,2024-08-27 12:09:48,0,522
1748,M-10,E103,HIGH,2024-02-24 08:33:55,1,630
1749,M-15,E401,MEDIUM,2024-09-17 07:45:20,1,206
1750,M-20,E201,MEDIUM,2024-03-10 08:08:03,1,591
1751,M-2,E301,CRITICAL,2024-11-24 07:02:53,0,485
1752,M-13,E102,MEDIUM,2024-03-26 14:09:59,0,363
1753,M-4,E201,MEDIUM,2024-10-13 20:24:26,1,626
1754,M-12,E102,MEDIUM,2024-08-17 01:11:05,1,601
1755,M-15,E301,CRITICAL,2024-11-02 03:38:26,0,527
1756,M-11,E401,HIGH,2024-10-05 21:33:51,1,353
1757,M-4,E102,LOW,2024-12-24 03:45:41,1,38
1758,M-13,E201,LOW,2024-11-19 06:25:17,1,58
1759,M-19,E202,MEDIUM,2024-11-27 06:24:22,0,182
1760,M-19,E102,LOW,2024-07-28 16:18:06,0,13
1761,M-18,E201,MEDIUM,2024-07-18 02:55:49,1,495
1762,M-7,E301,LOW,2024-04-27 11:12:56,0,40
1763,M-18,E103,HIGH,2024-05-11 08:01:55,1,373
1764,M-17,E101,MEDIUM,2024-12-05 23:31:22,1,671
1765,M-6,E401,MEDIUM,2024-09-27 12:09:06,1,250
1766,M-14,E102,MEDIUM,2024-12-25 09:11:38,1,218
1767,M-12,E102,HIGH,2024-08-28 23:39:39,0,13
1768,M-3,E301,LOW,2024-06-03 08:47:33,1,10
1769,M-13,E201,MEDIUM,2024-11-30 00:27:35,1,718
1770,M-5,E201,MEDIUM,2024-01-26 09:08:01,0,292
1771,M-14,E101,MEDIUM,2024-07-01 15:50:03,1,245
1772,M-8,E102,MEDIUM,2024-11-25 18:55:49,1,657
1773,M-10,E201,LOW,2024-11-19 14:01:14,1,8
1774,M-15,E301,HIGH,2024-11-01 13:45:19,1,16
1775,M-16,E102,CRITICAL,2024-06-17 05:40:35,1,467
1776,M-6,E102,MEDIUM,2024-11-15 13:57:40,1,426
1777,M-16,E401,MEDIUM,2024-01-03 04:26:26,1,607
1778,M-14,E101,MEDIUM,2024-02-23 09:35:04,1,155
1779,M-5,E101,HIGH,2024-07-13 12:52:35,0,289
1780,M-7,E401,MEDIUM,2024-04-10 08:01:04,0,399
1781,M-4,E103,MEDIUM,2024-08-06 23:30:50,1,43
1782,M-11,E401,MEDIUM,2024-06-16 08:46:40,1,389
1783,M-4,E103,MEDIUM,2024-01-18 13:27:08,1,656
1784,M-9,E301,MEDIUM,2024-11-05 04:05:48,0,41
1785,M-20,E401,HIGH,2024-06-02 03:11:06,0,350
1786,M-14,E102,HIGH,2024-02-29 07:23:49,1,149
1787,M-9,E202,MEDIUM,2024-11-11 11:23:15,0,26
1788,M-4,E101,LOW,2024-02-16 04:19:47,0,213
1789,M-1,E201,MEDIUM,2024-04-14 04:34:53,0,498
1790,M-6,E103,HIGH,2024-10-04 23:57:15,1,373
1791,M-18,E401,MEDIUM,2024-08-24 22:41:02,1,492
1792,M-19,E103,HIGH,2024-05-19 17:37:50,1,531
1793,M-3,E301,HIGH,2024-06-12 00:39:22,1,131
1794,M-1,E103,CRITICAL,2024-02-15 02:08:23,1,202
1795,M-19,E202,LOW,2024-07-29 21:42:30,1,307
1796,M-18,E202,CRITICAL,2024-03-27 03:40:25,0,481
1797,M-13,E401,LOW,2024-02-02 03:38:22,1,529
1798,M-6,E103,CRITICAL,2024-01-20 15:41:19,0,171
1799,M-14,E301,CRITICAL,2024-10-04 12:30:53,0,81
1800,M-15,E401,LOW,2024-08-13 19:11:35,1,516
