camera_event_id,machine_id,defect_detected,confidence_score,timestamp
1,M-4,0,0.89,2024-09-07 17:43:30
2,M-17,0,0.71,2024-06-26 13:26:01
3,M-6,0,0.89,2024-02-19 14:51:59
4,M-14,0,0.63,2024-07-06 07:02:29
5,M-5,0,0.79,2024-02-18 04:23:06
6,M-18,0,0.83,2024-03-13 05:23:31
7,M-10,0,0.98,2024-05-24 15:29:01
8,M-11,0,0.71,2024-11-05 19:32:52
9,M-6,0,0.62,2024-01-05 09:05:25
10,M-5,0,0.63,2024-04-13 07:15:55
11,M-15,0,0.94,2024-11-06 08:34:18
12,M-6,0,0.86,2024-07-29 16:55:34
13,M-15,0,0.83,2024-06-22 18:07:21
14,M-13,1,0.76,2024-06-18 02:38:33
15,M-6,0,0.85,2024-03-14 03:39:25
16,M-5,0,0.78,2024-07-19 09:33:38
17,M-10,0,0.63,2024-05-06 19:32:25
18,M-13,0,0.63,2024-05-24 10:48:58
19,M-5,0,0.68,2024-10-03 15:51:30
20,M-18,0,0.87,2024-03-27 18:16:44
21,M-11,1,0.76,2024-11-07 12:01:51
22,M-18,0,0.65,2024-07-20 05:36:37
23,M-8,0,0.98,2024-05-27 11:48:14
24,M-13,0,0.9,2024-01-11 21:37:27
25,M-12,0,0.68,2024-11-27 13:03:29
26,M-3,0,0.72,2024-08-11 23:01:55
27,M-17,0,0.95,2024-08-21 22:38:50
28,M-11,0,0.89,2024-03-29 00:59:56
29,M-20,1,0.93,2024-01-01 07:32:01
30,M-15,0,0.93,2024-12-22 00:03:23
31,M-4,0,0.75,2024-08-18 09:55:58
32,M-18,0,0.82,2024-11-12 22:15:47
33,M-18,0,0.64,2024-07-02 13:02:23
34,M-19,0,0.8,2024-05-18 14:45:22
35,M-4,0,0.74,2024-09-10 22:11:36
36,M-19,1,0.95,2024-10-09 09:56:51
37,M-9,0,0.92,2024-05-18 23:28:32
38,M-20,0,0.83,2024-05-31 18:19:55
39,M-4,0,0.78,2024-06-14 17:36:39
40,M-5,0,0.92,2024-07-16 17:10:38
41,M-11,0,0.72,2024-07-03 03:22:56
42,M-11,0,0.67,2024-05-07 18:12:47
43,M-14,0,0.9,2024-03-01 14:37:25
44,M-1,0,0.88,2024-03-01 08:34:05
45,M-18,0,0.95,2024-03-29 19:48:03
46,M-4,0,0.94,2024-05-29 00:23:30
47,M-4,0,0.72,2024-07-29 07:23:48
48,M-6,0,0.62,2024-02-17 08:31:54
49,M-14,0,0.63,2024-01-16 10:00:11
50,M-9,0,0.61,2024-03-08 11:52:16
51,M-11,0,0.69,2024-05-10 02:27:49
52,M-2,0,0.89,2024-05-28 02:33:35
53,M-5,0,0.95,2024-04-25 20:24:10
54,M-9,0,0.64,2024-10-27 16:22:36
55,M-4,0,0.72,2024-01-28 19:23:18
56,M-12,0,0.96,2024-03-12 20:58:30
57,M-12,0,0.94,2024-02-02 10:11:42
58,M-11,0,0.6,2024-03-09 11:12:47
59,M-5,0,0.98,2024-12-14 22:57:56
60,M-15,0,0.79,2024-07-24 19:53:14
61,M-15,0,0.82,2024-12-07 22:05:23
62,M-2,0,0.94,2024-07-20 02:29:57
63,M-11,1,0.78,2024-08-07 03:09:12
64,M-10,0,0.72,2024-02-03 22:33:44
65,M-11,0,0.77,2024-12-22 22:17:34
66,M-17,0,0.81,2024-04-26 09:49:03
67,M-4,0,0.78,2024-11-06 23:07:15
68,M-11,0,0.81,2024-02-19 06:51:18
69,M-2,0,0.85,2024-09-05 20:09:20
70,M-12,0,0.61,2024-11-13 14:13:19
71,M-17,0,0.68,2024-01-26 12:40:01
72,M-13,0,0.67,2024-07-29 18:01:29
73,M-12,0,0.89,2024-10-23 00:51:13
74,M-18,1,0.69,2024-12-19 15:05:41
75,M-18,0,0.76,2024-04-28 06:11:57
76,M-19,1,0.71,2024-10-26 08:18:18
77,M-12,0,0.85,2024-03-12 04:59:08
78,M-15,0,0.92,2024-07-28 05:06:04
79,M-9,0,0.72,2024-01-07 22:13:54
80,M-5,0,0.77,2024-02-18 08:44:36
81,M-3,0,0.7,2024-04-09 14:08:30
82,M-10,0,0.84,2024-03-03 12:37:34
83,M-3,0,0.92,2024-06-09 03:01:15
84,M-7,0,0.79,2024-09-06 17:25:44
85,M-14,0,0.84,2024-08-08 08:21:04
86,M-2,0,0.86,2024-03-17 17:06:41
87,M-2,0,0.97,2024-06-08 04:33:47
88,M-17,0,0.93,2024-04-19 22:36:59
89,M-10,0,0.93,2024-06-17 16:35:14
90,M-18,0,0.95,2024-09-28 18:41:11
91,M-18,0,0.95,2024-06-01 06:12:36
92,M-6,0,0.75,2024-07-31 08:30:38
93,M-14,0,0.72,2024-03-26 06:25:31
94,M-18,0,0.9,2024-10-11 20:32:22
95,M-18,0,0.85,2024-07-22 10:42:12
96,M-3,0,0.78,2024-10-18 10:22:17
97,M-5,0,0.84,2024-10-13 11:07:00
98,M-8,0,0.77,2024-04-16 14:56:26
99,M-4,0,0.64,2024-02-07 12:53:46
100,M-5,0,0.95,2024-10-07 13:46:18
101,M-15,0,0.75,2024-10-30 01:01:53
102,M-20,0,0.66,2024-05-18 22:18:25
103,M-1,0,0.66,2024-08-08 04:02:24
104,M-8,0,0.62,2024-04-26 20:19:17
105,M-2,0,0.91,2024-04-22 09:06:09
106,M-8,0,0.91,2024-04-19 06:54:48
107,M-1,0,0.68,2024-12-01 00:55:14
108,M-8,0,0.96,2024-08-14 13:25:36
109,M-5,0,0.95,2024-09-05 06:36:17
110,M-13,0,0.8,2024-07-05 14:50:09
111,M-18,0,0.97,2024-08-26 07:14:19
112,M-5,0,0.83,2024-01-29 03:59:34
113,M-6,0,0.62,2024-06-22 14:45:38
114,M-17,1,0.89,2024-04-07 17:08:30
115,M-19,0,0.75,2024-04-12 21:34:31
116,M-13,0,0.81,2024-08-07 18:26:04
117,M-16,0,0.75,2024-03-16 07:28:17
118,M-9,0,0.98,2024-05-05 06:39:44
119,M-1,0,0.86,2024-10-09 04:52:42
120,M-8,0,0.63,2024-08-14 16:48:44
121,M-11,0,0.98,2024-08-14 15:25:15
122,M-10,0,0.9,2024-12-28 20:49:27
123,M-18,0,0.77,2024-12-09 04:00:10
124,M-16,0,0.61,2024-06-08 14:39:07
125,M-2,0,0.94,2024-03-26 15:09:42
126,M-12,0,0.69,2024-04-20 16:40:26
127,M-14,0,0.86,2024-04-21 07:13:51
128,M-5,0,0.69,2024-10-31 21:47:33
129,M-20,0,0.66,2024-12-15 09:26:04
130,M-15,0,0.96,2024-06-25 17:31:46
131,M-5,0,0.75,2024-09-24 20:46:07
132,M-19,0,0.99,2024-05-16 03:57:18
133,M-20,0,0.84,2024-01-17 05:51:58
134,M-17,0,0.91,2024-07-19 09:15:19
135,M-11,0,0.62,2024-09-07 05:25:55
136,M-1,0,0.65,2024-07-05 12:26:22
137,M-16,0,0.67,2024-09-17 06:47:33
138,M-18,0,0.83,2024-10-07 12:01:55
139,M-18,1,0.86,2024-10-12 18:34:07
140,M-5,0,0.91,2024-09-07 23:33:11
141,M-1,0,0.62,2024-04-21 21:14:04
142,M-11,0,0.8,2024-09-30 06:14:59
143,M-16,0,0.77,2024-10-03 11:36:42
144,M-13,1,0.87,2024-01-29 06:58:06
145,M-12,0,0.89,2024-09-23 16:02:44
146,M-19,0,0.61,2024-06-27 15:14:13
147,M-1,0,0.62,2024-10-08 21:12:13
148,M-16,0,0.79,2024-10-15 08:06:38
149,M-2,0,0.82,2024-04-25 10:49:16
150,M-4,0,0.96,2024-07-10 03:50:04
151,M-16,0,0.82,2024-06-26 03:44:25
152,M-3,0,0.77,2024-10-18 15:49:16
153,M-3,0,0.93,2024-11-27 02:54:12
154,M-19,0,0.76,2024-04-09 01:55:31
155,M-13,0,0.75,2024-11-18 22:51:39
156,M-11,0,0.83,2024-03-13 16:38:43
157,M-8,0,0.88,2024-04-17 16:10:51
158,M-9,0,0.69,2024-02-20 17:52:00
159,M-15,0,0.82,2024-01-20 17:15:16
160,M-3,0,0.74,2024-03-25 12:48:27
161,M-15,0,0.64,2024-07-06 11:50:43
162,M-18,0,0.83,2024-08-31 00:51:21
163,M-18,1,0.63,2024-11-08 19:55:20
164,M-15,0,0.68,2024-08-10 20:36:55
165,M-19,0,0.9,2024-01-20 06:22:37
166,M-10,1,0.92,2024-05-07 06:05:41
167,M-17,0,0.76,2024-05-18 12:51:09
168,M-20,0,0.77,2024-06-20 21:21:38
169,M-18,0,0.72,2024-04-29 19:05:28
170,M-12,0,0.68,2024-02-09 09:12:50
171,M-16,0,0.72,2024-10-31 16:02:24
172,M-7,0,0.76,2024-11-22 10:26:55
173,M-14,0,0.8,2024-11-21 14:28:23
174,M-3,0,0.61,2024-11-10 07:59:32
175,M-14,0,0.87,2024-03-14 14:22:35
176,M-4,0,0.83,2024-09-01 00:59:10
177,M-17,1,0.6,2024-05-24 19:55:56
178,M-12,0,0.86,2024-02-27 16:59:23
179,M-5,0,0.66,2024-07-06 16:32:44
180,M-18,0,0.81,2024-07-24 20:52:22
181,M-14,0,0.85,2024-12-02 22:23:59
182,M-7,0,0.8,2024-05-04 02:48:36
183,M-8,0,0.73,2024-05-24 19:28:36
184,M-8,0,0.88,2024-06-18 00:37:52
185,M-8,0,0.79,2024-08-10 02:00:45
186,M-8,1,0.86,2024-12-09 03:13:35
187,M-11,0,0.92,2024-12-01 11:22:17
188,M-1,0,0.8,2024-07-15 10:09:02
189,M-13,0,0.94,2024-01-14 20:46:32
190,M-9,0,0.64,2024-04-17 20:42:13
191,M-10,0,0.97,2024-01-21 02:46:45
192,M-2,0,0.9,2024-07-03 05:53:21
193,M-1,0,0.94,2024-03-07 11:19:39
194,M-17,0,0.67,2024-07-03 15:36:52
195,M-14,0,0.61,2024-10-09 01:01:12
196,M-10,0,0.65,2024-07-20 21:38:59
197,M-18,0,0.73,2024-02-19 05:23:36
198,M-13,0,0.82,2024-05-21 03:22:14
199,M-20,0,0.9,2024-11-12 19:21:28
200,M-10,1,0.95,2024-01-04 04:01:27
201,M-19,0,0.92,2024-08-28 06:34:21
202,M-6,1,0.87,2024-11-25 15:19:33
203,M-16,0,0.81,2024-11-12 23:01:43
204,M-15,0,0.61,2024-05-21 05:35:11
205,M-15,1,0.67,2024-08-27 04:21:58
206,M-10,0,0.97,2024-07-22 21:07:19
207,M-13,0,0.7,2024-03-31 07:35:53
208,M-2,0,0.75,2024-11-01 15:54:48
209,M-4,0,0.62,2024-04-02 21:27:40
210,M-15,0,0.69,2024-01-07 22:19:31
211,M-20,0,0.81,2024-07-26 03:16:56
212,M-11,1,0.83,2024-02-03 21:23:06
213,M-6,0,0.97,2024-09-01 02:24:31
214,M-17,0,0.73,2024-03-03 13:30:26
215,M-1,0,0.68,2024-04-07 02:15:41
216,M-16,0,0.84,2024-01-26 05:46:46
217,M-6,0,0.8,2024-07-15 11:49:25
218,M-8,0,0.7,2024-01-14 04:38:59
219,M-9,0,0.8,2024-03-30 17:49:39
220,M-12,0,0.79,2024-06-19 10:21:47
221,M-20,0,0.97,2024-01-06 22:36:22
222,M-20,1,0.73,2024-08-25 02:47:27
223,M-4,0,0.69,2024-09-03 14:46:06
224,M-11,0,0.97,2024-03-19 23:31:41
225,M-1,0,0.75,2024-08-08 11:45:31
226,M-19,1,0.68,2024-07-02 02:43:43
227,M-12,0,0.8,2024-05-28 09:33:40
228,M-12,0,0.65,2024-05-05 07:43:15
229,M-13,0,0.8,2024-06-18 05:30:44
230,M-20,0,0.64,2024-08-14 06:37:01
231,M-4,0,0.79,2024-09-19 07:39:04
232,M-11,0,0.93,2024-03-13 06:47:28
233,M-11,0,0.83,2024-08-05 07:52:25
234,M-11,0,0.66,2024-05-26 13:16:32
235,M-10,0,0.74,2024-07-04 22:30:06
236,M-5,0,0.73,2024-04-16 22:35:04
237,M-6,0,0.93,2024-11-19 20:46:01
238,M-1,0,0.61,2024-04-02 11:14:12
239,M-19,0,0.76,2024-03-26 04:04:48
240,M-3,0,0.97,2024-12-19 04:04:33
241,M-15,0,0.68,2024-05-17 04:12:34
242,M-18,0,0.96,2024-10-08 22:48:36
243,M-11,0,0.71,2024-04-20 04:11:16
244,M-8,0,0.95,2024-11-02 20:50:16
245,M-17,0,0.83,2024-07-07 02:08:02
246,M-4,0,0.95,2024-04-24 04:42:57
247,M-1,0,0.81,2024-09-14 20:56:00
248,M-12,0,0.62,2024-05-23 22:46:23
249,M-7,0,0.8,2024-01-01 02:17:01
250,M-14,0,0.85,2024-09-15 00:32:37
251,M-18,0,0.72,2024-11-09 03:21:01
252,M-9,0,0.71,2024-01-05 01:16:19
253,M-11,1,0.81,2024-02-08 01:53:01
254,M-9,0,0.79,2024-04-21 22:31:54
255,M-18,1,0.99,2024-02-20 22:33:43
256,M-1,0,0.87,2024-05-08 07:23:07
257,M-3,0,0.8,2024-01-18 04:31:36
258,M-18,1,0.95,2024-07-23 03:38:27
259,M-9,0,0.84,2024-03-09 14:26:47
260,M-18,0,0.76,2024-11-24 06:51:33
261,M-12,0,0.77,2024-10-17 23:20:19
262,M-3,0,0.94,2024-04-15 04:00:12
263,M-19,0,0.65,2024-08-20 05:09:49
264,M-18,0,0.8,2024-06-06 11:10:18
265,M-13,1,0.86,2024-06-15 18:13:27
266,M-19,0,0.86,2024-10-15 12:36:12
267,M-9,0,0.8,2024-05-24 18:48:19
268,M-1,0,0.7,2024-07-31 01:27:20
269,M-12,0,0.99,2024-09-23 12:50:30
270,M-14,0,0.94,2024-08-07 08:53:51
271,M-1,0,0.64,2024-06-22 21:38:53
272,M-10,0,0.65,2024-04-07 03:25:46
273,M-9,0,0.85,2024-08-17 05:34:42
274,M-1,0,0.71,2024-01-25 08:36:23
275,M-12,0,0.91,2024-05-20 03:39:40
276,M-2,0,0.88,2024-10-11 08:09:07
277,M-19,1,0.96,2024-03-22 14:24:41
278,M-2,1,0.97,2024-08-21 17:01:12
279,M-8,1,0.99,2024-10-10 00:56:40
280,M-18,1,0.79,2024-03-07 20:09:33
281,M-17,0,0.61,2024-10-09 07:32:08
282,M-15,0,0.83,2024-03-02 04:21:00
283,M-4,0,0.68,2024-03-13 11:27:37
284,M-20,0,0.72,2024-09-27 20:29:34
285,M-11,0,0.86,2024-11-13 15:38:39
286,M-3,0,0.63,2024-09-05 13:20:09
287,M-18,0,0.76,2024-06-26 13:25:12
288,M-9,0,0.67,2024-09-17 17:02:05
289,M-12,0,0.68,2024-08-28 09:15:45
290,M-4,0,0.67,2024-08-03 20:15:56
291,M-5,0,0.81,2024-08-22 09:14:30
292,M-3,0,0.86,2024-08-24 21:25:15
293,M-15,0,0.88,2024-10-16 10:37:03
294,M-15,0,0.82,2024-05-16 15:49:48
295,M-8,0,0.97,2024-05-28 16:25:37
296,M-6,1,0.8,2024-09-04 05:51:43
297,M-18,0,0.94,2024-12-30 07:19:59
298,M-9,0,0.71,2024-09-17 11:32:17
299,M-17,0,0.74,2024-03-31 21:48:55
300,M-11,0,0.92,2024-01-22 06:56:47
301,M-16,0,0.72,2024-06-17 10:42:38
302,M-9,0,0.9,2024-12-13 10:45:52
303,M-14,0,0.85,2024-12-03 05:00:06
304,M-20,0,0.78,2024-03-14 12:46:00
305,M-18,0,0.75,2024-04-29 06:59:42
306,M-19,0,0.7,2024-05-05 04:52:10
307,M-7,0,0.88,2024-07-24 06:17:56
308,M-3,0,0.69,2024-02-06 13:08:18
309,M-1,1,0.71,2024-03-09 18:46:04
310,M-18,0,0.83,2024-04-07 09:22:21
311,M-18,0,0.88,2024-10-24 21:39:40
312,M-19,0,0.72,2024-05-20 15:45:15
313,M-2,0,0.67,2024-01-01 13:45:30
314,M-5,0,0.74,2024-05-04 13:36:12
315,M-15,0,0.93,2024-06-06 13:18:49
316,M-11,0,0.79,2024-06-05 13:29:54
317,M-6,0,0.96,2024-11-21 16:45:01
318,M-14,0,0.7,2024-12-07 02:02:30
319,M-14,0,0.63,2024-03-09 14:54:25
320,M-19,0,0.89,2024-11-11 18:31:40
321,M-10,1,0.94,2024-04-13 04:31:55
322,M-14,0,0.71,2024-02-10 04:52:06
323,M-7,0,0.77,2024-07-25 21:52:22
324,M-1,0,0.79,2024-02-20 18:59:30
325,M-3,0,0.62,2024-03-07 02:42:38
326,M-18,0,0.86,2024-06-09 23:05:46
327,M-5,0,0.67,2024-12-19 17:06:27
328,M-5,1,0.85,2024-07-02 20:59:57
329,M-9,0,0.67,2024-08-16 12:25:07
330,M-15,1,0.97,2024-01-14 00:32:42
331,M-19,0,0.6,2024-10-23 01:35:33
332,M-6,0,0.84,2024-12-16 18:04:38
333,M-1,0,0.77,2024-12-05 08:53:41
334,M-1,1,0.9,2024-06-04 20:10:53
335,M-20,0,0.64,2024-02-13 06:54:13
336,M-12,1,0.68,2024-05-02 06:28:31
337,M-11,0,0.84,2024-12-18 16:49:16
338,M-1,0,0.61,2024-09-11 15:54:24
339,M-2,1,0.62,2024-04-08 23:33:54
340,M-14,0,0.71,2024-06-21 21:28:33
341,M-9,0,0.74,2024-07-21 00:00:14
342,M-8,0,0.85,2024-11-27 15:41:29
343,M-8,0,0.64,2024-02-18 06:23:34
344,M-19,0,0.62,2024-10-05 11:39:03
345,M-4,0,0.9,2024-10-31 07:27:41
346,M-15,0,0.67,2024-06-12 07:05:52
347,M-7,0,0.92,2024-01-18 09:47:04
348,M-3,0,0.71,2024-12-12 19:02:14
349,M-8,0,0.77,2024-10-29 09:21:50
350,M-4,0,0.98,2024-03-12 06:49:39
351,M-8,0,0.63,2024-07-11 20:15:58
352,M-8,0,0.62,2024-01-13 07:11:46
353,M-4,0,0.68,2024-10-11 05:33:23
354,M-15,0,0.78,2024-06-11 20:27:09
355,M-19,0,0.85,2024-10-27 15:20:14
356,M-4,0,0.88,2024-08-27 21:32:12
357,M-11,0,0.76,2024-11-25 18:07:23
358,M-14,0,0.61,2024-02-19 02:17:18
359,M-11,0,0.72,2024-09-11 14:51:52
360,M-16,0,0.98,2024-01-18 12:15:47
361,M-6,0,0.93,2024-08-27 03:36:20
362,M-13,0,0.97,2024-02-12 13:48:12
363,M-16,0,0.84,2024-08-26 22:28:14
364,M-6,0,0.85,2024-10-02 04:15:34
365,M-11,0,0.72,2024-05-27 05:58:16
366,M-13,0,0.8,2024-06-02 07:43:38
367,M-15,0,0.82,2024-04-25 02:12:35
368,M-6,0,0.7,2024-07-08 23:51:00
369,M-18,1,0.79,2024-11-03 20:21:23
370,M-4,0,0.84,2024-01-25 16:07:58
371,M-4,0,0.77,2024-02-28 22:04:45
372,M-15,0,0.66,2024-07-10 17:04:40
373,M-18,0,0.93,2024-10-27 19:19:30
374,M-16,0,0.87,2024-05-26 06:53:10
375,M-4,0,0.83,2024-04-23 09:17:44
376,M-3,1,0.98,2024-05-18 15:46:02
377,M-8,0,0.99,2024-11-17 14:41:20
378,M-12,0,0.98,2024-02-29 07:13:03
379,M-5,0,0.62,2024-11-28 21:27:33
380,M-3,0,0.97,2024-01-16 12:44:32
381,M-20,0,0.72,2024-06-01 14:03:46
382,M-14,0,0.85,2024-12-26 17:07:48
383,M-16,1,0.99,2024-05-23 11:10:35
384,M-16,0,0.94,2024-03-01 11:29:11
385,M-13,0,0.67,2024-10-19 09:40:45
386,M-5,0,0.79,2024-06-19 06:24:18
387,M-20,0,0.64,2024-11-08 18:30:42
388,M-14,0,0.8,2024-09-16 23:14:33
389,M-16,0,0.95,2024-03-02 22:26:19
390,M-6,0,0.77,2024-02-04 23:23:29
391,M-15,0,0.74,2024-11-11 01:53:57
392,M-10,0,0.95,2024-05-09 21:10:27
393,M-18,0,0.79,2024-05-06 23:41:58
394,M-4,0,0.98,2024-01-18 23:51:12
395,M-20,0,0.66,2024-05-23 16:42:43
396,M-18,0,0.81,2024-02-08 12:30:53
397,M-6,0,0.74,2024-09-11 10:38:56
398,M-11,0,0.6,2024-05-12 11:07:40
399,M-12,0,0.91,2024-07-04 15:12:28
400,M-8,1,0.77,2024-03-31 00:44:25
401,M-20,0,0.79,2024-10-31 19:01:18
402,M-8,0,0.95,2024-05-18 13:08:19
403,M-8,1,0.63,2024-10-17 10:59:54
404,M-15,0,0.85,2024-05-29 01:07:55
405,M-13,0,0.92,2024-08-16 06:06:31
406,M-17,0,0.81,2024-05-17 12:07:12
407,M-16,0,0.97,2024-07-06 19:59:42
408,M-14,0,0.63,2024-07-25 00:09:35
409,M-18,0,0.8,2024-04-11 12:05:29
410,M-5,0,0.94,2024-05-10 03:02:38
411,M-7,1,0.67,2024-08-07 00:35:07
412,M-8,0,0.68,2024-07-20 04:03:08
413,M-12,0,0.79,2024-03-13 17:55:26
414,M-11,0,0.77,2024-01-07 14:43:12
415,M-3,1,0.85,2024-04-23 00:39:51
416,M-3,0,0.9,2024-03-09 16:17:20
417,M-10,0,0.78,2024-05-17 17:22:18
418,M-4,0,0.64,2024-04-14 18:51:00
419,M-16,0,0.7,2024-03-19 20:34:13
420,M-6,0,0.67,2024-07-30 18:07:55
421,M-15,0,0.86,2024-02-13 00:52:08
422,M-15,0,0.89,2024-04-09 12:33:48
423,M-1,0,0.79,2024-12-28 23:01:50
424,M-13,0,0.93,2024-11-11 14:25:30
425,M-3,0,0.75,2024-01-31 06:28:19
426,M-19,0,0.84,2024-07-22 06:50:28
427,M-2,1,0.98,2024-12-11 19:19:44
428,M-17,0,0.86,2024-02-15 21:53:19
429,M-14,0,0.79,2024-08-31 13:03:57
430,M-7,0,0.93,2024-09-17 20:51:49
431,M-1,0,0.66,2024-08-31 20:38:01
432,M-17,0,0.86,2024-03-06 01:36:30
433,M-5,0,0.92,2024-10-13 14:31:53
434,M-7,0,0.87,2024-07-05 01:28:02
435,M-12,0,0.7,2024-06-03 16:17:24
436,M-14,0,0.64,2024-05-14 22:10:36
437,M-11,0,0.81,2024-11-03 16:21:58
438,M-7,0,0.68,2024-07-13 22:37:12
439,M-12,0,0.9,2024-04-20 00:49:49
440,M-20,0,0.69,2024-08-13 17:35:41
441,M-7,0,0.83,2024-07-25 02:20:45
442,M-18,0,0.96,2024-12-18 15:46:56
443,M-9,0,0.89,2024-06-29 23:48:30
444,M-7,0,0.78,2024-04-26 01:49:49
445,M-1,0,0.89,2024-11-06 03:36:03
446,M-8,0,0.81,2024-10-02 02:20:28
447,M-11,0,0.98,2024-03-23 16:34:41
448,M-17,0,0.85,2024-04-05 08:29:38
449,M-2,0,0.69,2024-09-20 01:37:40
450,M-2,0,0.63,2024-03-08 01:55:17
451,M-10,0,0.7,2024-11-09 08:42:47
452,M-1,0,0.71,2024-12-15 10:17:26
453,M-20,0,0.66,2024-07-19 21:16:03
454,M-4,1,0.95,2024-05-29 12:07:09
455,M-1,0,0.82,2024-09-01 13:19:44
456,M-13,0,0.76,2024-12-13 20:16:54
457,M-17,1,0.95,2024-01-24 00:46:23
458,M-14,0,0.64,2024-04-20 17:30:52
459,M-15,1,0.76,2024-06-23 04:24:45
460,M-12,0,0.77,2024-02-05 20:41:22
461,M-1,0,0.63,2024-11-24 17:15:57
462,M-20,0,0.87,2024-11-26 09:03:17
463,M-15,0,0.74,2024-07-18 04:05:15
464,M-5,0,0.76,2024-03-26 01:38:03
465,M-19,0,0.69,2024-04-27 11:07:04
466,M-2,0,0.73,2024-09-01 05:06:13
467,M-6,1,0.62,2024-07-08 23:46:23
468,M-15,0,0.92,2024-04-04 05:38:35
469,M-11,0,0.95,2024-04-01 18:10:58
470,M-19,1,0.89,2024-07-04 06:11:39
471,M-9,0,0.65,2024-09-03 21:10:41
472,M-18,0,0.64,2024-03-09 01:44:18
473,M-15,0,0.62,2024-11-25 01:27:32
474,M-1,0,0.85,2024-11-26 21:30:59
475,M-10,0,0.88,2024-03-27 13:11:45
476,M-11,0,0.69,2024-02-29 19:17:38
477,M-12,0,0.81,2024-02-02 09:56:19
478,M-1,0,0.69,2024-10-02 00:00:57
479,M-3,0,0.78,2024-07-17 13:27:15
480,M-3,0,0.67,2024-08-01 22:22:33
481,M-15,0,0.72,2024-09-10 15:32:35
482,M-1,1,0.7,2024-08-28 12:22:54
483,M-17,0,0.78,2024-06-17 23:03:07
484,M-14,0,0.94,2024-06-07 19:31:45
485,M-4,0,0.71,2024-04-10 00:54:20
486,M-16,0,0.61,2024-03-27 07:45:16
487,M-3,0,0.85,2024-07-24 11:56:37
488,M-4,0,0.8,2024-10-12 14:50:23
489,M-9,0,0.93,2024-02-22 05:49:07
490,M-1,0,0.69,2024-11-25 03:32:40
491,M-13,0,0.87,2024-04-26 15:13:20
492,M-3,1,0.69,2024-05-24 23:56:26
493,M-18,0,0.78,2024-10-29 05:50:26
494,M-17,0,0.79,2024-07-31 23:02:48
495,M-8,0,0.79,2024-08-16 17:06:29
496,M-13,0,0.95,2024-09-20 16:38:13
497,M-8,0,0.78,2024-10-14 22:17:09
498,M-4,0,0.69,2024-09-02 01:20:27
499,M-11,0,0.66,2024-03-31 21:47:46
500,M-20,0,0.91,2024-11-17 03:49:49
501,M-1,0,0.93,2024-02-17 05:14:30
502,M-17,0,0.66,2024-04-12 12:48:00
503,M-14,0,0.84,2024-01-11 07:24:38
504,M-19,0,0.8,2024-09-27 15:58:06
505,M-19,0,0.93,2024-08-02 15:45:33
506,M-6,0,0.85,2024-02-23 18:32:51
507,M-17,0,0.86,2024-04-24 01:39:14
508,M-1,1,0.64,2024-12-03 21:24:37
509,M-3,0,0.63,2024-04-18 19:43:21
510,M-6,0,0.93,2024-05-11 03:02:04
511,M-8,0,0.82,2024-07-25 09:14:00
512,M-8,0,0.93,2024-08-19 18:38:28
513,M-6,0,0.9,2024-04-07 19:20:54
514,M-11,0,0.97,2024-11-26 00:12:09
515,M-11,0,0.82,2024-02-06 11:09:02
516,M-13,0,0.72,2024-03-01 14:21:47
517,M-2,0,0.87,2024-12-27 13:50:07
518,M-12,0,0.99,2024-03-04 16:26:02
519,M-14,0,0.9,2024-07-31 11:43:44
520,M-5,0,0.95,2024-08-15 19:48:57
521,M-17,1,0.63,2024-10-23 23:16:29
522,M-16,0,0.8,2024-10-29 16:46:58
523,M-7,0,0.84,2024-01-14 14:08:39
524,M-10,0,0.71,2024-10-11 08:18:47
525,M-17,0,0.85,2024-01-03 05:22:30
526,M-1,0,0.77,2024-04-22 11:06:00
527,M-7,0,0.98,2024-09-21 18:37:39
528,M-11,0,0.81,2024-02-06 00:31:35
529,M-14,0,0.89,2024-11-01 22:42:50
530,M-7,0,0.87,2024-06-18 23:43:34
531,M-15,0,0.96,2024-06-29 10:18:47
532,M-8,0,0.94,2024-09-16 18:08:28
533,M-10,0,0.62,2024-02-18 00:59:58
534,M-2,0,0.72,2024-09-27 07:28:54
535,M-11,1,0.97,2024-08-03 02:48:27
536,M-13,0,0.85,2024-01-02 23:27:32
537,M-19,0,0.76,2024-02-02 20:24:00
538,M-8,0,0.78,2024-12-20 23:22:37
539,M-14,0,0.68,2024-12-29 04:59:40
540,M-19,1,0.7,2024-04-29 14:21:05
541,M-13,0,0.9,2024-08-09 03:10:37
542,M-3,0,0.93,2024-05-08 22:08:20
543,M-3,0,0.69,2024-11-24 12:52:03
544,M-4,0,0.96,2024-10-02 13:02:44
545,M-4,1,0.93,2024-10-22 04:34:02
546,M-10,0,0.82,2024-10-17 11:34:42
547,M-18,0,0.82,2024-02-18 17:43:40
548,M-4,0,0.76,2024-05-20 15:40:24
549,M-16,0,0.85,2024-07-16 15:56:07
550,M-2,0,0.71,2024-11-10 08:59:33
551,M-3,0,0.85,2024-01-17 01:40:56
552,M-20,0,0.91,2024-03-15 02:37:25
553,M-2,1,0.86,2024-11-11 09:13:45
554,M-7,0,0.67,2024-10-10 00:40:39
555,M-2,0,0.66,2024-04-12 10:12:47
556,M-5,0,0.87,2024-02-11 02:08:07
557,M-20,0,0.87,2024-09-13 09:09:47
558,M-17,0,0.73,2024-05-21 12:58:32
559,M-8,0,0.95,2024-06-14 15:29:16
560,M-20,0,0.8,2024-05-22 01:37:07
561,M-19,0,0.88,2024-04-23 17:55:53
562,M-14,0,0.65,2024-07-22 21:39:44
563,M-13,0,0.62,2024-01-18 13:08:29
564,M-8,0,0.77,2024-02-05 16:10:04
565,M-9,0,0.93,2024-02-16 14:51:39
566,M-12,0,0.63,2024-12-11 15:25:28
567,M-5,0,0.8,2024-02-17 05:34:15
568,M-11,0,0.63,2024-06-03 14:31:31
569,M-15,0,0.79,2024-05-11 18:19:23
570,M-6,1,0.75,2024-12-17 19:56:11
571,M-15,0,0.72,2024-12-06 17:33:32
572,M-9,0,0.85,2024-12-03 04:12:29
573,M-17,0,0.84,2024-01-22 10:01:38
574,M-15,0,0.98,2024-09-03 16:35:00
575,M-2,0,0.88,2024-05-06 22:16:08
576,M-10,0,0.87,2024-05-13 01:36:05
577,M-7,0,0.66,2024-07-09 22:13:18
578,M-18,0,0.91,2024-05-29 10:33:23
579,M-8,1,0.73,2024-04-02 12:31:40
580,M-16,0,0.68,2024-05-14 05:31:13
581,M-10,0,0.89,2024-03-23 00:08:51
582,M-19,0,0.94,2024-06-23 21:58:18
583,M-19,0,0.64,2024-07-25 02:28:43
584,M-19,0,0.85,2024-06-12 21:31:15
585,M-18,0,0.7,2024-10-25 12:18:53
586,M-12,0,0.84,2024-01-31 22:42:31
587,M-1,0,0.86,2024-07-29 21:16:12
588,M-18,0,0.61,2024-02-24 03:45:35
589,M-5,0,0.63,2024-12-07 07:43:45
590,M-3,0,0.63,2024-07-18 11:53:59
591,M-4,0,0.78,2024-04-26 09:12:52
592,M-8,1,0.83,2024-06-16 18:39:46
593,M-5,0,0.85,2024-09-09 12:38:11
594,M-1,0,0.62,2024-07-01 05:44:55
595,M-6,0,0.8,2024-02-22 16:57:05
596,M-16,0,0.87,2024-01-05 18:38:04
597,M-6,0,0.91,2024-06-20 04:43:25
598,M-1,0,0.83,2024-10-27 21:02:44
599,M-18,1,0.72,2024-12-04 11:09:53
600,M-9,0,0.75,2024-06-04 02:07:53
601,M-12,1,0.63,2024-12-04 08:27:46
602,M-13,0,0.95,2024-10-29 09:11:33
603,M-7,0,0.85,2024-08-09 04:47:48
604,M-16,1,0.91,2024-04-19 08:31:08
605,M-1,1,0.97,2024-12-04 23:33:43
606,M-9,0,0.95,2024-02-23 17:17:02
607,M-8,0,0.7,2024-07-05 07:22:58
608,M-11,0,0.75,2024-10-30 23:01:01
609,M-5,0,0.88,2024-12-24 10:09:46
610,M-14,0,0.63,2024-10-10 08:23:43
611,M-9,0,0.7,2024-02-27 22:51:21
612,M-12,0,0.61,2024-07-20 00:28:32
613,M-11,0,0.77,2024-05-29 01:46:10
614,M-11,0,0.79,2024-01-03 18:25:20
615,M-5,0,0.85,2024-03-17 15:25:05
616,M-1,0,0.9,2024-07-18 16:37:53
617,M-17,0,0.99,2024-05-18 17:34:29
618,M-10,1,0.79,2024-11-21 12:56:38
619,M-20,0,0.7,2024-08-11 11:38:13
620,M-16,0,0.8,2024-02-20 09:23:40
621,M-1,0,0.98,2024-11-09 06:17:04
622,M-8,0,0.88,2024-02-14 19:24:11
623,M-3,0,0.83,2024-10-25 04:01:59
624,M-16,0,0.63,2024-10-24 22:52:54
625,M-15,0,0.94,2024-12-26 17:18:28
626,M-7,0,0.75,2024-05-15 16:11:22
627,M-16,1,0.63,2024-03-12 05:54:34
628,M-5,0,0.68,2024-07-28 12:13:54
629,M-4,0,0.64,2024-09-09 05:53:23
630,M-17,0,0.84,2024-06-17 01:56:46
631,M-15,1,0.97,2024-01-06 07:16:23
632,M-18,0,0.67,2024-07-05 10:54:16
633,M-4,0,0.65,2024-12-16 17:15:30
634,M-1,0,0.75,2024-05-27 21:17:52
635,M-11,0,0.79,2024-05-23 17:39:00
636,M-6,1,0.63,2024-08-14 07:10:43
637,M-20,0,0.88,2024-07-07 19:21:59
638,M-18,0,0.82,2024-04-22 03:09:21
639,M-7,0,0.63,2024-07-14 16:28:30
640,M-20,0,0.93,2024-12-01 04:41:16
641,M-20,1,0.63,2024-06-19 07:58:23
642,M-13,1,0.78,2024-01-31 15:37:08
643,M-17,0,0.77,2024-12-30 13:53:07
644,M-3,0,0.8,2024-03-24 17:02:55
645,M-1,0,0.85,2024-03-04 18:07:18
646,M-7,0,0.93,2024-03-29 10:27:04
647,M-19,0,0.99,2024-06-19 06:03:56
648,M-10,1,0.91,2024-04-19 07:58:11
649,M-3,0,0.74,2024-05-10 02:40:18
650,M-4,0,0.92,2024-04-04 12:40:05
651,M-6,0,0.79,2024-04-17 13:11:40
652,M-15,0,0.7,2024-03-03 01:12:43
653,M-12,0,0.74,2024-12-14 16:09:23
654,M-4,1,0.8,2024-07-18 23:59:37
655,M-7,0,0.65,2024-10-27 19:59:13
656,M-19,0,0.69,2024-04-06 14:05:44
657,M-13,0,0.82,2024-07-25 05:54:22
658,M-9,1,0.84,2024-01-24 09:16:21
659,M-7,0,0.7,2024-06-05 08:37:48
660,M-9,0,0.82,2024-02-20 09:53:58
661,M-13,0,0.65,2024-06-16 16:19:19
662,M-19,0,0.61,2024-08-25 16:51:57
663,M-4,0,0.69,2024-09-05 15:33:52
664,M-14,0,0.79,2024-07-12 08:44:38
665,M-8,0,0.72,2024-03-07 16:55:44
666,M-9,0,0.83,2024-10-27 06:15:23
667,M-13,0,0.96,2024-10-15 01:23:42
668,M-14,0,0.89,2024-07-06 14:33:41
669,M-4,0,0.86,2024-09-10 09:55:49
670,M-14,0,0.7,2024-06-23 20:27:04
671,M-17,0,0.65,2024-03-09 07:58:59
672,M-6,0,0.61,2024-10-07 02:20:07
673,M-6,0,0.99,2024-06-28 21:40:00
674,M-5,0,0.76,2024-11-10 11:16:00
675,M-9,0,0.66,2024-11-26 11:00:36
676,M-5,0,0.69,2024-02-13 06:20:53
677,M-5,1,0.82,2024-09-25 11:16:51
678,M-17,0,0.9,2024-08-27 12:11:17
679,M-7,0,0.73,2024-06-21 18:05:31
680,M-16,0,0.96,2024-04-06 06:54:40
681,M-18,0,0.79,2024-02-07 19:51:23
682,M-6,0,0.99,2024-04-08 01:32:58
683,M-7,0,0.95,2024-03-11 11:20:43
684,M-8,0,0.72,2024-08-05 10:39:46
685,M-6,0,0.65,2024-09-21 19:35:49
686,M-5,0,0.91,2024-09-25 12:40:10
687,M-13,0,0.88,2024-05-15 13:38:01
688,M-3,0,0.69,2024-07-15 23:04:56
689,M-16,1,0.97,2024-05-09 06:16:14
690,M-12,0,0.73,2024-09-20 04:46:59
691,M-11,0,0.76,2024-12-01 20:45:35
692,M-3,0,0.7,2024-03-13 13:37:27
693,M-8,0,0.66,2024-01-13 01:32:13
694,M-3,0,0.78,2024-04-19 15:25:30
695,M-19,0,0.89,2024-08-24 17:12:51
696,M-17,0,0.97,2024-12-27 05:08:35
697,M-1,0,0.83,2024-01-13 01:07:25
698,M-1,0,0.68,2024-09-30 19:49:21
699,M-4,0,0.65,2024-12-01 10:15:12
700,M-19,0,0.76,2024-06-07 00:29:58
701,M-19,1,0.85,2024-04-06 11:17:10
702,M-20,0,0.83,2024-04-09 02:00:12
703,M-3,0,0.61,2024-12-05 16:47:21
704,M-4,0,0.76,2024-03-31 21:49:41
705,M-12,0,0.64,2024-05-05 11:50:17
706,M-8,0,0.94,2024-01-19 14:31:53
707,M-19,0,0.6,2024-04-13 05:01:19
708,M-14,0,0.93,2024-04-19 08:48:00
709,M-17,0,0.96,2024-02-23 02:05:51
710,M-11,0,0.6,2024-11-13 13:23:34
711,M-12,0,0.94,2024-02-10 19:04:12
712,M-13,0,0.84,2024-01-22 02:18:50
713,M-19,0,0.98,2024-11-16 06:08:21
714,M-14,0,0.82,2024-06-22 16:40:57
715,M-18,0,0.67,2024-04-12 05:40:36
716,M-18,0,0.86,2024-05-02 17:02:58
717,M-6,0,0.64,2024-10-19 05:22:51
718,M-18,0,0.97,2024-12-16 23:36:01
719,M-2,0,0.85,2024-08-31 15:27:57
720,M-10,0,0.74,2024-10-26 06:23:05
721,M-7,0,0.61,2024-03-04 08:53:58
722,M-7,0,0.75,2024-07-04 00:29:11
723,M-6,0,0.68,2024-06-16 12:39:46
724,M-19,0,0.66,2024-06-09 07:18:54
725,M-13,1,0.68,2024-03-05 03:19:44
726,M-15,0,0.72,2024-12-20 02:16:08
727,M-8,0,0.88,2024-03-06 18:10:13
728,M-14,0,0.61,2024-08-28 21:27:55
729,M-16,0,0.68,2024-11-21 09:03:10
730,M-8,0,0.76,2024-05-20 01:17:40
731,M-3,0,0.86,2024-05-27 22:09:36
732,M-16,0,0.67,2024-01-24 23:11:51
733,M-14,0,0.79,2024-08-09 09:49:11
734,M-14,1,0.73,2024-08-12 21:04:26
735,M-9,0,0.96,2024-12-10 01:03:04
736,M-10,0,0.89,2024-11-19 20:31:26
737,M-14,1,0.9,2024-02-09 12:53:03
738,M-9,0,0.69,2024-10-22 00:43:21
739,M-16,0,0.81,2024-03-22 08:32:53
740,M-2,0,0.84,2024-08-04 02:29:25
741,M-15,0,0.69,2024-03-15 18:59:16
742,M-16,0,0.84,2024-01-27 07:43:01
743,M-12,0,0.85,2024-02-13 05:03:08
744,M-17,0,0.8,2024-06-25 19:11:19
745,M-1,0,0.91,2024-11-25 23:26:35
746,M-16,0,0.69,2024-04-04 14:26:40
747,M-6,0,0.84,2024-02-24 20:42:54
748,M-18,0,0.78,2024-03-07 09:26:08
749,M-10,0,0.79,2024-04-11 12:33:13
750,M-10,0,0.8,2024-11-21 12:55:18
751,M-4,0,0.82,2024-06-25 18:09:33
752,M-16,0,0.72,2024-01-15 21:16:24
753,M-16,0,0.73,2024-05-18 19:00:29
754,M-3,1,0.83,2024-07-29 10:11:02
755,M-3,0,0.74,2024-10-08 20:55:56
756,M-6,0,0.99,2024-03-05 05:33:13
757,M-15,0,0.67,2024-07-14 23:33:44
758,M-15,1,0.9,2024-07-14 03:59:23
759,M-12,0,0.8,2024-02-29 10:54:21
760,M-16,0,0.81,2024-07-23 20:24:17
761,M-17,0,0.92,2024-10-28 12:47:26
762,M-9,0,0.7,2024-03-16 22:45:06
763,M-17,0,0.9,2024-01-28 02:07:02
764,M-11,0,0.91,2024-12-19 06:46:48
765,M-13,0,0.74,2024-01-30 16:11:24
766,M-20,0,0.94,2024-08-16 17:22:05
767,M-5,0,0.78,2024-07-04 22:42:47
768,M-15,0,0.76,2024-07-16 07:34:24
769,M-1,0,0.98,2024-02-16 23:02:00
770,M-18,0,0.95,2024-12-06 02:50:30
771,M-3,0,0.94,2024-06-07 14:48:56
772,M-12,0,0.78,2024-07-23 00:16:36
773,M-10,0,0.72,2024-03-26 23:27:58
774,M-5,0,0.82,2024-09-05 21:47:49
775,M-12,0,0.67,2024-09-01 07:36:40
776,M-11,0,0.69,2024-11-10 20:24:59
777,M-11,0,0.6,2024-11-14 16:14:23
778,M-14,0,0.85,2024-06-27 14:06:53
779,M-16,0,0.67,2024-08-06 12:42:59
780,M-20,0,0.9,2024-10-31 04:39:01
781,M-1,0,0.7,2024-12-16 13:02:21
782,M-5,0,0.96,2024-10-27 13:47:21
783,M-5,0,0.9,2024-11-07 19:29:18
784,M-7,0,0.84,2024-08-15 03:40:16
785,M-12,0,0.71,2024-11-05 14:35:08
786,M-8,0,0.66,2024-07-30 07:58:58
787,M-13,0,0.64,2024-07-02 07:11:04
788,M-11,1,0.86,2024-08-06 20:31:32
789,M-13,0,0.84,2024-01-12 12:19:55
790,M-5,0,0.66,2024-01-29 12:17:13
791,M-19,0,0.86,2024-01-08 20:41:12
792,M-15,0,0.93,2024-06-26 10:10:11
793,M-19,0,0.96,2024-01-17 17:48:22
794,M-19,0,0.95,2024-09-18 20:19:22
795,M-17,0,0.99,2024-10-05 11:31:38
796,M-2,0,0.62,2024-02-23 03:10:33
797,M-19,1,0.96,2024-10-03 06:08:11
798,M-20,0,0.84,2024-07-08 11:03:38
799,M-8,0,0.67,2024-05-03 23:40:48
800,M-11,1,0.61,2024-09-14 10:33:09
801,M-2,0,0.73,2024-02-23 03:41:53
802,M-5,0,0.65,2024-03-14 16:52:16
803,M-18,1,0.99,2024-03-02 18:17:57
804,M-19,0,0.86,2024-04-17 17:40:32
805,M-19,0,0.97,2024-11-11 23:38:16
806,M-3,0,0.73,2024-03-23 03:28:57
807,M-10,1,0.68,2024-05-16 10:17:24
808,M-12,0,0.7,2024-11-15 09:36:14
809,M-14,0,0.81,2024-08-21 16:24:33
810,M-16,0,0.72,2024-11-16 17:20:06
811,M-10,0,0.66,2024-04-08 01:56:22
812,M-13,0,0.79,2024-11-07 21:30:55
813,M-17,1,0.79,2024-09-09 10:43:10
814,M-12,1,0.92,2024-05-18 05:54:02
815,M-7,0,0.83,2024-10-15 17:19:04
816,M-9,0,0.8,2024-08-02 20:35:06
817,M-17,0,0.8,2024-11-05 22:18:54
818,M-8,0,0.95,2024-05-24 23:27:22
819,M-8,0,0.84,2024-05-19 07:41:32
820,M-16,0,0.66,2024-05-07 09:02:47
821,M-9,0,0.91,2024-05-13 16:26:48
822,M-6,0,0.71,2024-12-02 04:04:45
823,M-16,0,0.72,2024-05-21 02:27:08
824,M-18,0,0.69,2024-09-08 09:18:13
825,M-4,0,0.92,2024-01-06 01:15:12
826,M-7,0,0.9,2024-01-17 15:19:28
827,M-16,0,0.83,2024-01-31 10:51:00
828,M-3,0,0.67,2024-09-21 20:47:09
829,M-14,0,0.8,2024-06-10 20:59:27
830,M-17,1,0.91,2024-08-13 21:10:01
831,M-9,0,0.98,2024-12-06 01:00:41
832,M-3,0,0.94,2024-10-14 21:30:24
833,M-4,0,0.8,2024-08-10 22:58:11
834,M-4,0,0.88,2024-09-20 13:13:08
835,M-12,0,0.67,2024-11-07 00:26:47
836,M-16,0,0.9,2024-08-26 03:03:55
837,M-8,0,0.81,2024-10-30 23:08:24
838,M-16,0,0.99,2024-12-12 05:49:38
839,M-3,0,0.82,2024-04-08 20:42:07
840,M-16,0,0.97,2024-07-12 08:57:38
841,M-12,0,0.83,2024-08-13 00:19:39
842,M-9,0,0.7,2024-02-05 04:04:12
843,M-5,0,0.82,2024-09-12 20:29:02
844,M-16,0,0.88,2024-08-26 20:58:12
845,M-5,0,0.61,2024-02-04 14:15:29
846,M-2,0,0.93,2024-06-10 22:06:18
847,M-6,0,0.87,2024-04-19 06:17:50
848,M-7,0,0.71,2024-02-03 20:13:23
849,M-19,0,0.75,2024-11-18 17:05:10
850,M-16,0,0.92,2024-10-23 17:46:58
851,M-20,0,0.83,2024-10-02 05:32:50
852,M-5,1,0.62,2024-07-18 09:05:11
853,M-8,0,0.7,2024-12-13 02:45:01
854,M-16,0,0.86,2024-01-21 11:31:37
855,M-9,0,0.9,2024-12-28 14:24:40
856,M-15,0,0.61,2024-07-15 02:43:33
857,M-1,0,0.82,2024-09-14 00:05:02
858,M-4,1,0.75,2024-03-23 15:42:38
859,M-13,0,0.62,2024-12-01 11:40:40
860,M-9,0,0.96,2024-03-03 10:05:52
861,M-8,0,0.69,2024-05-07 05:05:32
862,M-17,0,0.66,2024-12-25 21:18:17
863,M-20,0,0.62,2024-10-01 02:53:47
864,M-10,0,0.93,2024-12-22 19:04:42
865,M-4,0,0.71,2024-01-25 13:02:55
866,M-10,1,0.77,2024-03-15 05:40:48
867,M-20,0,0.68,2024-11-08 19:40:06
868,M-2,0,0.79,2024-06-13 07:31:39
869,M-9,0,0.91,2024-12-21 00:03:16
870,M-6,0,0.87,2024-05-23 22:24:31
871,M-8,0,0.96,2024-03-06 03:17:03
872,M-5,0,0.85,2024-10-26 09:39:39
873,M-20,0,0.84,2024-08-26 18:25:09
874,M-17,0,0.61,2024-11-01 08:32:05
875,M-19,0,0.93,2024-10-12 09:14:43
876,M-15,0,0.76,2024-10-08 21:02:12
877,M-5,0,0.99,2024-03-13 21:38:57
878,M-16,0,0.91,2024-06-03 01:34:29
879,M-1,0,0.96,2024-04-09 21:57:17
880,M-5,1,0.66,2024-01-02 06:04:21
881,M-7,0,0.94,2024-06-16 15:48:11
882,M-18,0,0.63,2024-06-14 00:45:10
883,M-12,0,0.62,2024-05-20 17:38:50
884,M-10,0,0.62,2024-08-11 21:43:54
885,M-10,0,0.61,2024-07-23 10:21:28
886,M-2,0,0.78,2024-01-11 13:09:43
887,M-11,0,0.87,2024-06-14 03:51:06
888,M-15,0,0.94,2024-01-11 04:59:08
889,M-3,0,0.64,2024-10-06 09:38:02
890,M-8,0,0.82,2024-07-06 01:16:50
891,M-13,0,0.72,2024-10-05 13:03:04
892,M-9,0,0.77,2024-08-19 16:41:26
893,M-15,0,0.98,2024-05-09 02:15:56
894,M-5,0,0.78,2024-09-15 00:27:54
895,M-9,0,0.87,2024-09-12 02:59:45
896,M-4,0,0.94,2024-07-03 11:46:51
897,M-5,0,0.83,2024-11-06 09:47:27
898,M-8,0,0.81,2024-05-04 10:33:58
899,M-17,1,0.73,2024-08-07 05:55:24
900,M-7,0,0.91,2024-08-03 08:27:24
901,M-15,0,0.76,2024-09-21 07:50:53
902,M-6,0,0.96,2024-03-27 08:51:56
903,M-4,1,0.64,2024-05-22 20:02:09
904,M-11,0,0.73,2024-05-09 09:33:27
905,M-15,0,0.72,2024-07-30 18:45:16
906,M-11,0,0.89,2024-10-18 10:02:53
907,M-17,0,0.94,2024-04-12 01:01:57
908,M-13,0,0.7,2024-06-20 17:55:10
909,M-6,0,0.65,2024-08-17 20:42:05
910,M-6,0,0.64,2024-10-19 19:35:43
911,M-5,0,0.96,2024-04-04 07:28:40
912,M-9,0,0.69,2024-08-19 12:57:35
913,M-13,1,0.63,2024-08-01 09:35:31
914,M-1,0,0.81,2024-01-25 09:58:10
915,M-20,0,0.99,2024-11-11 06:19:14
916,M-16,0,0.63,2024-01-24 17:09:50
917,M-4,0,0.81,2024-04-16 11:06:54
918,M-3,0,0.81,2024-06-04 03:29:54
919,M-3,0,0.63,2024-12-19 13:16:59
920,M-14,0,0.61,2024-06-09 14:26:54
921,M-6,0,0.7,2024-05-08 13:32:27
922,M-8,0,0.71,2024-09-03 19:26:53
923,M-4,1,0.8,2024-05-25 09:31:37
924,M-8,0,0.96,2024-08-11 14:14:41
925,M-8,0,0.72,2024-10-19 23:45:01
926,M-2,1,0.93,2024-06-20 08:35:19
927,M-11,0,0.62,2024-04-29 08:03:22
928,M-3,0,0.69,2024-01-30 22:40:57
929,M-3,0,0.65,2024-02-21 03:15:12
930,M-13,1,0.72,2024-11-28 10:36:48
931,M-17,0,0.75,2024-10-25 06:00:52
932,M-12,0,0.67,2024-04-16 20:34:59
933,M-4,1,0.8,2024-03-10 08:14:54
934,M-2,0,0.87,2024-11-22 14:43:49
935,M-17,0,0.71,2024-05-06 22:35:17
936,M-5,0,0.91,2024-09-03 16:43:10
937,M-18,0,0.7,2024-07-19 03:41:49
938,M-17,0,0.64,2024-10-29 03:01:53
939,M-4,0,0.91,2024-09-17 22:09:40
940,M-16,0,0.67,2024-12-25 20:56:35
941,M-19,0,0.68,2024-04-08 02:58:48
942,M-15,0,0.91,2024-04-01 15:39:08
943,M-11,0,0.87,2024-09-12 09:40:11
944,M-3,0,0.91,2024-01-16 01:37:33
945,M-11,0,0.68,2024-09-07 06:30:07
946,M-3,0,0.91,2024-08-19 17:06:22
947,M-4,0,0.76,2024-06-27 07:12:51
948,M-13,0,0.83,2024-03-12 15:32:12
949,M-4,0,0.66,2024-05-12 18:11:07
950,M-11,0,0.79,2024-03-10 02:48:07
951,M-2,0,0.75,2024-03-21 15:22:29
952,M-8,0,0.77,2024-07-28 12:29:16
953,M-9,0,0.78,2024-04-10 07:48:07
954,M-20,0,0.72,2024-02-09 10:42:51
955,M-18,0,0.76,2024-09-02 11:48:04
956,M-2,0,0.94,2024-11-08 14:05:21
957,M-11,0,0.94,2024-07-12 07:44:15
958,M-12,0,0.99,2024-02-22 17:58:38
959,M-4,1,0.98,2024-10-25 01:55:25
960,M-16,0,0.86,2024-03-14 20:29:43
961,M-8,0,0.88,2024-04-12 19:18:27
962,M-20,1,0.74,2024-08-19 23:37:19
963,M-16,1,0.77,2024-01-06 13:58:57
964,M-4,0,0.63,2024-06-12 13:12:00
965,M-7,0,0.76,2024-01-25 02:26:05
966,M-7,0,0.86,2024-04-09 09:06:39
967,M-5,0,0.96,2024-10-15 00:40:47
968,M-1,0,0.85,2024-08-05 08:26:37
969,M-20,0,0.85,2024-05-14 17:03:35
970,M-5,0,0.94,2024-03-21 18:41:57
971,M-20,0,0.78,2024-07-26 05:38:18
972,M-1,0,0.89,2024-08-02 09:57:47
973,M-1,0,0.86,2024-01-11 17:13:27
974,M-3,1,0.7,2024-06-26 15:51:36
975,M-6,0,0.69,2024-10-28 09:46:29
976,M-9,0,0.62,2024-04-24 23:12:11
977,M-19,0,0.85,2024-08-05 02:59:43
978,M-9,0,0.87,2024-02-01 20:52:33
979,M-7,0,0.76,2024-07-16 22:51:48
980,M-4,0,0.61,2024-01-30 21:37:16
981,M-4,0,0.9,2024-10-25 04:46:19
982,M-11,0,0.7,2024-07-11 15:22:03
983,M-8,0,0.66,2024-01-12 07:48:38
984,M-18,0,0.7,2024-10-31 02:50:33
985,M-20,0,0.9,2024-03-15 14:36:46
986,M-1,0,0.96,2024-05-31 16:57:54
987,M-6,0,0.8,2024-10-01 17:13:28
988,M-20,1,0.61,2024-05-03 19:41:45
989,M-7,0,0.89,2024-11-10 16:02:22
990,M-20,0,0.92,2024-05-24 13:39:18
991,M-14,0,0.82,2024-11-03 21:49:43
992,M-17,1,0.95,2024-11-26 16:54:43
993,M-17,0,0.77,2024-04-12 01:22:35
994,M-2,0,0.65,2024-12-23 09:11:32
995,M-4,0,0.77,2024-05-27 13:54:48
996,M-4,0,0.82,2024-06-13 07:45:07
997,M-8,0,0.91,2024-08-03 08:48:48
998,M-6,0,0.99,2024-01-01 21:13:59
999,M-2,0,0.85,2024-08-07 23:48:06
1000,M-3,0,0.92,2024-04-19 06:00:58
