sensor_id,machine_id,temperature_c,vibration_level,pressure_bar,timestamp
1,M-7,82.65,5.22,7.55,2024-07-02 03:57:36
2,M-14,68.48,4.71,8.69,2024-08-06 09:49:43
3,M-9,72.75,3.77,11.94,2024-03-27 03:41:18
4,M-15,89.14,7.59,10.32,2024-04-29 19:12:11
5,M-3,70.86,3.03,10.51,2024-08-06 20:02:55
6,M-8,81.67,1.28,9.58,2024-06-22 19:12:55
7,M-15,73.96,4.79,5.07,2024-05-31 21:07:42
8,M-1,72.52,7.99,8.07,2024-01-04 21:12:47
9,M-8,76.6,5.38,8.82,2024-06-26 17:26:55
10,M-13,52.52,6.18,7.54,2024-03-01 22:30:56
11,M-4,88.4,6.86,10.84,2024-04-09 15:36:38
12,M-7,80.12,4.08,12.13,2024-06-01 16:55:11
13,M-14,77.96,3.07,9.6,2024-01-04 16:17:59
14,M-3,84.84,5.49,7.02,2024-04-13 11:19:27
15,M-18,90.4,6.09,10.56,2024-07-27 22:41:05
16,M-10,81.86,5.45,10.87,2024-03-31 01:19:33
17,M-12,62.26,8.55,11.34,2024-12-06 01:45:02
18,M-11,72.27,3.26,7.97,2024-05-11 01:29:45
19,M-8,64.53,4.53,3.69,2024-11-24 13:31:52
20,M-9,61.66,3.98,12.16,2024-05-12 13:41:10
21,M-11,69.4,6.13,9.39,2024-06-29 15:02:38
22,M-8,77.79,5.46,9.92,2024-04-14 20:13:19
23,M-2,73.72,5.18,10.87,2024-10-17 23:49:49
24,M-13,70.9,5.58,10.49,2024-09-11 05:02:53
25,M-14,74.2,4.88,10.6,2024-02-09 23:42:59
26,M-14,67.81,4.13,9.32,2024-04-28 08:21:31
27,M-3,63.26,4.54,9.53,2024-05-26 06:22:49
28,M-5,73.98,5.94,9.63,2024-11-15 12:06:52
29,M-3,68.47,5.48,11.95,2024-07-27 06:41:40
30,M-3,78.03,5.82,8.75,2024-07-20 00:10:45
31,M-2,70.46,5.78,6.8,2024-11-22 04:28:43
32,M-18,75.09,3.8,11.82,2024-11-15 08:08:31
33,M-7,71.13,4.46,12.96,2024-07-21 22:53:22
34,M-9,52.27,4.2,11.61,2024-12-23 17:34:41
35,M-4,66.86,5.47,12.79,2024-08-30 03:25:22
36,M-13,45.07,5.74,6.08,2024-11-22 04:05:28
37,M-17,65.56,6.42,11.75,2024-06-06 01:53:37
38,M-16,82.84,5.02,10.88,2024-07-24 02:53:47
39,M-9,62.01,5.92,11.59,2024-12-28 07:17:49
40,M-7,60.57,4.37,9.5,2024-10-02 12:47:37
41,M-4,53.99,3.84,8.6,2024-05-12 02:33:01
42,M-16,68.78,5.04,12.21,2024-10-24 14:52:14
43,M-19,77.31,4.4,7.02,2024-02-07 02:42:18
44,M-15,81.57,2.36,13.11,2024-05-09 03:49:00
45,M-10,70.61,6.6,10.88,2024-07-26 19:37:13
46,M-3,71.07,4.96,9.69,2024-01-16 07:39:05
47,M-19,56.82,4.45,10.77,2024-03-12 08:41:00
48,M-16,68.06,2.76,13.15,2024-05-27 11:45:14
49,M-5,74.19,5.45,11.02,2024-10-06 14:47:01
50,M-5,67.13,7.06,6.02,2024-01-02 18:47:34
51,M-3,61.88,7.12,14.68,2024-04-20 00:43:47
52,M-16,72.8,6.29,9.22,2024-01-27 17:10:27
53,M-14,85.88,5.02,9.56,2024-02-19 04:32:24
54,M-5,69.99,5.21,11.93,2024-04-26 19:55:09
55,M-1,74.51,5.22,10.82,2024-10-27 11:10:26
56,M-6,74.05,4.8,12.91,2024-12-08 04:43:16
57,M-19,69.62,6.24,10.33,2024-06-09 16:10:09
58,M-2,78.82,3.86,10.97,2024-09-06 12:03:28
59,M-3,64.5,8.72,9.82,2024-08-20 13:51:53
60,M-4,72.16,7.5,8.59,2024-11-02 08:45:14
61,M-11,71.91,3.09,7.06,2024-12-21 08:40:06
62,M-8,91.13,6.65,11.12,2024-08-19 03:55:33
63,M-2,69.84,4.95,10.82,2024-03-20 23:00:40
64,M-8,62.01,7.22,8.32,2024-01-10 18:34:24
65,M-19,60.25,3.36,9.95,2024-05-05 22:39:48
66,M-9,77.39,3.68,11.09,2024-08-20 19:04:43
67,M-12,58.2,6.02,8.04,2024-10-03 13:49:02
68,M-6,54.91,9.29,11.63,2024-06-08 00:41:53
69,M-12,62.93,4.54,8.72,2024-02-29 18:16:05
70,M-14,76.01,5.1,14.01,2024-11-22 09:03:43
71,M-9,68.65,5.35,11.84,2024-11-02 02:57:14
72,M-6,70.64,4.01,9.22,2024-12-28 09:01:41
73,M-15,72.28,6.1,9.83,2024-04-20 18:56:27
74,M-15,99.69,5.49,9.21,2024-01-16 13:48:39
75,M-6,55.14,7.13,9.13,2024-09-18 03:51:56
76,M-1,57.75,6.02,10.73,2024-04-01 22:52:17
77,M-5,62.93,2.0,9.66,2024-03-07 23:47:24
78,M-3,70.62,7.0,9.27,2024-11-08 11:00:28
79,M-18,61.74,5.91,8.62,2024-01-04 11:27:32
80,M-14,52.49,4.91,13.2,2024-06-28 03:05:30
81,M-8,70.79,2.89,13.11,2024-08-12 18:13:31
82,M-5,58.53,5.54,11.74,2024-06-25 18:55:08
83,M-9,65.8,4.58,7.43,2024-12-12 11:23:26
84,M-4,68.16,3.84,8.99,2024-08-10 02:52:43
85,M-4,66.25,4.2,7.84,2024-10-07 00:04:03
86,M-13,61.91,5.02,12.1,2024-05-16 14:36:39
87,M-3,80.89,4.04,12.85,2024-12-30 04:48:52
88,M-8,75.87,6.08,11.8,2024-01-28 02:25:37
89,M-1,63.75,6.05,11.31,2024-02-02 20:15:02
90,M-5,69.81,6.41,11.05,2024-07-15 07:06:42
91,M-2,78.12,3.57,7.53,2024-03-10 20:45:42
92,M-12,72.14,3.12,12.63,2024-08-07 11:53:26
93,M-3,68.5,6.58,9.98,2024-06-07 01:16:18
94,M-10,65.59,2.19,7.22,2024-05-05 15:44:14
95,M-19,70.46,5.15,10.71,2024-12-05 05:57:57
96,M-11,67.09,6.33,9.82,2024-06-24 20:39:03
97,M-18,87.32,2.29,6.91,2024-08-01 14:16:59
98,M-19,56.78,2.92,10.85,2024-11-20 22:20:10
99,M-15,58.05,5.78,8.1,2024-05-17 03:00:30
100,M-19,57.53,3.52,9.39,2024-04-27 16:36:54
101,M-18,60.88,6.46,11.48,2024-03-15 15:58:19
102,M-7,61.65,4.98,7.08,2024-06-15 02:52:26
103,M-10,58.89,5.91,9.17,2024-06-06 20:04:38
104,M-17,65.07,5.03,11.11,2024-01-20 00:27:37
105,M-7,58.73,6.09,12.35,2024-11-25 05:49:51
106,M-16,60.34,0.8,7.9,2024-10-12 04:21:15
107,M-11,77.82,5.79,9.06,2024-11-13 16:58:26
108,M-5,64.98,4.14,8.58,2024-03-22 03:50:19
109,M-12,70.77,6.34,11.52,2024-09-13 06:33:03
110,M-12,64.83,4.27,11.24,2024-12-29 21:45:52
111,M-17,66.49,2.66,15.46,2024-03-21 17:01:37
112,M-18,74.51,6.35,8.44,2024-12-22 21:52:32
113,M-19,74.31,6.11,8.31,2024-03-23 10:28:13
114,M-8,65.04,5.59,11.83,2024-08-14 19:50:47
115,M-20,71.11,5.79,9.86,2024-10-16 02:47:27
116,M-9,70.36,5.5,9.21,2024-01-23 22:00:44
117,M-17,67.95,3.94,9.69,2024-11-08 10:07:55
118,M-5,68.01,4.86,12.16,2024-02-07 02:01:44
119,M-17,68.44,5.94,10.48,2024-08-12 02:27:33
120,M-1,66.06,5.37,8.52,2024-10-16 11:45:10
121,M-14,71.29,7.56,9.34,2024-10-24 10:38:13
122,M-14,64.89,2.39,14.82,2024-08-09 17:56:18
123,M-20,69.06,5.02,12.9,2024-11-25 21:45:24
124,M-6,61.51,4.44,11.74,2024-07-08 22:43:27
125,M-2,61.31,5.53,11.46,2024-10-04 16:17:32
126,M-18,70.32,4.06,8.89,2024-05-02 18:51:32
127,M-10,73.67,4.62,10.57,2024-07-29 23:11:49
128,M-9,45.81,6.14,8.54,2024-11-03 10:15:16
129,M-4,71.79,5.27,7.23,2024-03-10 08:07:08
130,M-15,69.54,4.7,10.25,2024-12-27 18:33:50
131,M-12,54.41,6.3,10.53,2024-03-16 03:10:57
132,M-17,60.36,3.85,7.83,2024-05-25 04:31:36
133,M-16,70.99,3.01,9.75,2024-09-28 05:17:12
134,M-8,75.37,6.59,8.14,2024-03-14 07:47:15
135,M-17,58.03,1.54,10.17,2024-12-22 02:24:17
136,M-18,68.11,5.3,11.5,2024-02-24 01:41:27
137,M-13,81.25,4.52,8.11,2024-11-22 22:13:45
138,M-18,86.89,4.35,8.77,2024-04-09 01:54:44
139,M-10,79.15,7.15,9.35,2024-07-08 23:43:39
140,M-10,78.68,5.55,10.36,2024-12-09 20:01:17
141,M-13,75.88,4.61,10.55,2024-08-21 02:39:09
142,M-2,89.2,3.73,7.98,2024-04-28 09:41:49
143,M-9,83.55,5.0,10.51,2024-07-20 03:06:48
144,M-16,67.02,3.97,11.41,2024-08-30 05:11:51
145,M-11,65.95,5.62,6.3,2024-09-22 12:48:05
146,M-7,63.15,8.38,15.22,2024-06-01 13:10:05
147,M-15,73.24,3.39,13.89,2024-05-04 11:11:11
148,M-12,72.35,6.0,8.18,2024-11-05 23:44:54
149,M-10,66.05,5.18,8.26,2024-05-19 17:54:05
150,M-15,71.42,5.29,10.81,2024-06-22 17:37:49
151,M-12,47.3,4.69,13.21,2024-02-14 06:45:24
152,M-3,61.8,2.98,7.15,2024-07-10 16:19:28
153,M-12,81.76,5.09,11.43,2024-10-29 04:21:24
154,M-7,53.7,6.44,12.74,2024-08-09 03:56:21
155,M-8,68.18,6.74,13.48,2024-04-23 19:45:30
156,M-14,68.35,4.18,13.1,2024-04-17 23:36:36
157,M-9,70.01,4.37,10.16,2024-07-05 09:25:52
158,M-12,72.72,4.8,10.91,2024-07-21 21:32:50
159,M-1,50.86,3.54,10.36,2024-08-26 04:25:46
160,M-9,71.42,7.57,9.31,2024-06-17 09:04:21
161,M-18,71.43,5.01,11.26,2024-09-28 14:35:58
162,M-2,66.89,5.22,9.34,2024-06-03 22:49:27
163,M-11,74.39,5.38,12.16,2024-01-30 22:23:13
164,M-12,67.84,4.48,9.78,2024-12-13 22:02:42
165,M-14,41.77,4.75,11.39,2024-11-04 08:15:19
166,M-2,64.36,1.98,8.56,2024-02-03 18:37:48
167,M-14,52.71,6.55,11.77,2024-09-27 16:45:28
168,M-20,62.89,6.58,8.25,2024-12-18 11:28:57
169,M-17,56.98,6.46,7.36,2024-08-06 05:36:02
170,M-10,72.64,5.5,8.0,2024-04-24 00:51:44
171,M-8,76.43,6.63,13.61,2024-05-05 16:59:07
172,M-11,72.92,6.0,13.99,2024-10-24 04:09:25
173,M-11,68.16,3.55,11.19,2024-09-04 14:31:24
174,M-16,87.04,5.55,8.1,2024-03-01 16:55:22
175,M-4,70.13,6.12,4.83,2024-09-02 09:35:52
176,M-6,65.89,4.15,9.72,2024-11-10 23:14:37
177,M-16,86.92,5.02,9.04,2024-01-11 04:39:18
178,M-4,72.83,5.66,10.77,2024-07-31 22:38:40
179,M-12,73.27,4.85,3.36,2024-10-10 06:25:03
180,M-7,79.38,2.93,13.72,2024-07-26 17:10:08
181,M-9,63.22,4.62,11.27,2024-06-04 09:30:34
182,M-16,68.44,3.72,12.9,2024-09-14 22:35:51
183,M-2,68.21,4.47,7.28,2024-02-18 17:02:17
184,M-5,77.91,6.48,8.93,2024-01-25 21:22:46
185,M-11,83.23,5.98,10.41,2024-06-16 14:53:41
186,M-14,68.5,5.04,10.07,2024-06-29 03:13:38
187,M-15,72.05,2.94,9.45,2024-10-19 15:45:15
188,M-10,53.89,3.73,11.22,2024-11-13 15:53:16
189,M-14,52.2,2.29,8.45,2024-04-25 23:12:16
190,M-5,86.41,2.96,10.26,2024-08-29 06:27:35
191,M-11,68.01,5.62,11.79,2024-12-05 20:33:49
192,M-5,60.08,4.24,8.98,2024-09-20 05:54:45
193,M-6,66.66,4.52,9.77,2024-08-04 00:35:23
194,M-6,62.91,5.21,8.47,2024-04-29 07:19:04
195,M-12,57.52,3.27,7.2,2024-10-20 22:01:45
196,M-9,65.98,3.58,14.31,2024-05-26 23:41:11
197,M-2,62.55,8.53,12.81,2024-04-13 16:48:55
198,M-8,65.53,5.35,8.44,2024-08-30 15:06:12
199,M-11,70.05,4.5,5.98,2024-10-07 23:07:20
200,M-2,72.57,5.32,12.37,2024-12-24 13:14:53
201,M-6,78.17,6.2,14.33,2024-08-02 09:54:04
202,M-2,73.95,3.81,13.57,2024-08-05 23:37:11
203,M-14,79.96,4.44,11.23,2024-09-25 14:13:59
204,M-14,52.71,6.19,9.45,2024-02-18 23:14:48
205,M-7,60.18,4.41,9.32,2024-02-23 18:49:22
206,M-5,63.07,5.47,12.8,2024-07-26 06:04:12
207,M-12,78.32,4.08,11.11,2024-01-26 07:59:14
208,M-17,61.57,4.16,14.42,2024-08-09 06:19:27
209,M-4,85.5,7.69,9.15,2024-05-12 04:47:55
210,M-4,70.92,3.37,11.88,2024-08-21 16:53:01
211,M-9,60.72,4.87,14.01,2024-08-29 23:15:34
212,M-15,63.09,3.31,8.92,2024-06-19 05:59:04
213,M-17,53.86,4.99,11.35,2024-07-24 15:20:22
214,M-13,75.5,6.18,9.6,2024-12-08 11:13:30
215,M-20,63.58,7.62,5.68,2024-11-30 17:19:32
216,M-9,83.81,4.87,11.87,2024-01-15 07:06:40
217,M-1,79.57,2.11,10.33,2024-02-07 16:45:06
218,M-13,61.72,7.83,10.99,2024-05-11 15:36:38
219,M-13,76.02,4.8,11.65,2024-08-12 18:44:06
220,M-6,61.67,5.19,7.54,2024-07-19 13:21:16
221,M-13,62.45,4.52,10.55,2024-09-18 21:25:33
222,M-1,68.0,4.73,9.93,2024-05-04 00:24:45
223,M-12,83.57,5.2,8.53,2024-06-30 06:25:39
224,M-4,85.87,2.99,10.71,2024-08-27 07:09:56
225,M-11,69.07,6.47,12.16,2024-08-26 17:50:19
226,M-11,60.71,3.64,6.15,2024-05-19 11:27:34
227,M-5,87.9,3.72,8.15,2024-09-10 03:50:43
228,M-2,69.84,3.01,9.04,2024-05-01 11:02:16
229,M-20,72.68,7.05,9.99,2024-11-07 17:05:25
230,M-7,56.39,5.41,11.98,2024-12-01 21:55:06
231,M-7,60.88,3.66,11.9,2024-10-10 17:33:46
232,M-1,83.14,4.26,14.35,2024-04-26 21:15:24
233,M-19,51.84,5.94,12.55,2024-10-28 18:32:13
234,M-19,68.77,5.38,8.99,2024-10-17 18:15:29
235,M-20,66.52,3.23,10.81,2024-08-27 00:47:03
236,M-8,38.43,5.02,9.41,2024-03-28 13:35:38
237,M-10,83.38,3.81,9.34,2024-07-03 15:40:13
238,M-4,64.98,5.35,10.29,2024-03-09 18:43:24
239,M-7,75.54,5.28,8.54,2024-06-05 07:35:03
240,M-8,86.27,6.01,13.21,2024-06-19 19:42:02
241,M-8,75.18,3.31,9.23,2024-03-06 22:33:18
242,M-16,58.13,4.44,11.85,2024-05-07 03:10:27
243,M-19,80.75,5.22,8.08,2024-05-26 02:51:02
244,M-19,83.16,8.05,10.44,2024-04-20 13:41:19
245,M-11,81.29,3.58,9.31,2024-11-21 13:58:10
246,M-4,64.45,8.07,11.25,2024-02-14 14:34:51
247,M-2,73.24,4.65,11.29,2024-03-29 14:30:08
248,M-19,59.03,8.17,11.46,2024-12-29 09:17:23
249,M-11,70.87,7.9,8.48,2024-01-10 14:30:08
250,M-17,63.27,3.25,7.06,2024-04-22 04:00:25
251,M-20,57.91,6.28,9.96,2024-11-25 10:00:56
252,M-3,85.82,5.0,10.96,2024-11-05 11:11:14
253,M-17,67.89,5.44,11.91,2024-04-12 01:32:26
254,M-15,88.01,5.24,11.77,2024-01-12 12:41:36
255,M-4,68.54,5.91,10.05,2024-02-04 11:20:08
256,M-8,65.92,3.01,7.53,2024-03-23 11:22:32
257,M-7,67.9,5.26,12.03,2024-08-31 06:33:14
258,M-15,75.25,5.4,8.08,2024-02-02 12:45:53
259,M-10,75.05,7.17,11.26,2024-10-22 13:52:05
260,M-14,81.0,4.0,7.46,2024-03-28 15:18:17
261,M-12,79.97,2.49,11.43,2024-06-18 06:41:59
262,M-1,82.99,6.04,9.92,2024-11-08 01:01:52
263,M-8,73.4,4.32,9.16,2024-12-24 16:21:06
264,M-4,67.27,5.02,13.61,2024-07-13 21:10:25
265,M-11,76.87,7.79,6.56,2024-02-07 21:08:48
266,M-13,68.71,3.19,8.64,2024-08-31 09:49:54
267,M-8,74.08,3.73,8.68,2024-03-15 17:13:54
268,M-14,63.44,5.43,12.09,2024-11-04 18:27:17
269,M-8,68.37,2.99,8.74,2024-05-20 11:40:41
270,M-11,60.63,5.19,11.1,2024-09-18 07:30:43
271,M-19,95.86,3.8,11.3,2024-09-29 20:02:51
272,M-8,95.1,3.77,10.82,2024-03-06 01:12:10
273,M-13,76.65,5.96,8.17,2024-09-10 12:38:18
274,M-2,66.42,4.4,11.81,2024-11-15 03:28:41
275,M-17,57.15,4.35,11.12,2024-02-13 01:32:55
276,M-18,68.12,5.57,12.64,2024-11-14 20:12:45
277,M-10,60.22,3.39,12.85,2024-03-10 23:12:10
278,M-9,71.46,6.11,12.45,2024-03-26 12:59:44
279,M-16,69.84,6.2,8.98,2024-05-04 18:32:06
280,M-16,75.1,6.71,9.27,2024-04-19 05:16:44
281,M-15,59.75,3.37,12.33,2024-09-13 18:12:29
282,M-1,63.14,5.13,9.58,2024-10-15 11:46:21
283,M-2,50.62,5.07,12.12,2024-03-24 20:23:10
284,M-13,84.26,7.14,8.67,2024-07-04 10:53:08
285,M-15,49.36,6.9,10.29,2024-11-17 14:57:44
286,M-8,51.12,5.45,15.3,2024-01-31 20:20:25
287,M-20,55.49,3.39,9.26,2024-02-26 23:43:57
288,M-20,76.82,3.31,12.03,2024-01-12 21:33:01
289,M-6,58.5,4.55,7.33,2024-09-20 21:45:34
290,M-20,61.53,3.93,8.65,2024-06-15 03:31:05
291,M-16,73.52,5.69,9.53,2024-02-28 02:04:56
292,M-18,59.93,6.75,7.92,2024-05-09 06:49:26
293,M-13,66.16,3.64,13.18,2024-10-30 07:01:48
294,M-6,71.95,5.02,10.28,2024-03-02 15:37:15
295,M-4,73.87,6.45,12.1,2024-01-14 07:14:13
296,M-9,73.55,5.63,11.18,2024-05-27 02:06:54
297,M-15,73.18,4.37,12.19,2024-09-10 04:15:38
298,M-3,69.86,5.18,9.24,2024-09-30 21:09:51
299,M-10,92.23,2.3,9.24,2024-10-15 09:23:24
300,M-15,50.29,4.34,7.85,2024-04-20 20:03:54
301,M-7,80.34,4.74,10.21,2024-01-05 11:53:56
302,M-1,64.75,3.83,9.62,2024-08-29 21:22:30
303,M-3,70.27,9.11,13.53,2024-08-08 22:12:02
304,M-3,98.7,9.08,8.57,2024-12-06 02:21:08
305,M-3,85.31,3.57,10.6,2024-12-29 08:55:33
306,M-6,65.46,3.76,13.79,2024-01-13 01:11:02
307,M-12,71.96,8.82,9.17,2024-04-05 00:27:41
308,M-1,63.66,6.98,8.69,2024-01-18 09:52:22
309,M-14,70.22,9.76,10.13,2024-09-16 19:05:36
310,M-14,64.8,5.33,11.2,2024-07-12 20:41:34
311,M-17,70.69,4.43,10.78,2024-12-06 16:55:45
312,M-15,59.95,5.02,8.96,2024-12-10 05:03:06
313,M-10,62.06,7.17,11.45,2024-01-12 02:50:54
314,M-12,68.97,4.33,10.38,2024-04-04 04:35:06
315,M-17,67.35,5.41,8.95,2024-09-09 12:26:08
316,M-12,78.85,6.71,9.29,2024-06-04 23:45:32
317,M-6,60.63,3.46,6.89,2024-04-09 04:41:59
318,M-4,72.11,5.45,9.43,2024-11-27 01:05:21
319,M-17,61.29,2.58,10.2,2024-11-19 14:53:43
320,M-17,69.29,5.04,10.73,2024-02-03 04:46:08
321,M-16,62.39,4.39,10.07,2024-09-10 04:05:19
322,M-4,67.89,6.72,10.64,2024-07-15 11:50:08
323,M-12,94.71,7.0,10.16,2024-04-08 21:11:57
324,M-10,57.43,5.97,10.09,2024-12-22 01:27:42
325,M-18,75.87,6.08,10.64,2024-05-04 14:22:00
326,M-7,63.22,4.84,8.13,2024-06-12 22:34:44
327,M-8,71.35,2.37,8.27,2024-07-12 21:21:30
328,M-13,62.38,5.33,12.79,2024-07-19 15:29:15
329,M-12,74.45,5.62,11.37,2024-06-28 14:56:17
330,M-11,82.08,6.31,8.69,2024-04-26 18:54:52
331,M-20,75.76,6.12,10.1,2024-05-15 12:03:19
332,M-20,70.33,6.79,13.5,2024-02-05 03:45:41
333,M-18,82.29,5.96,8.5,2024-09-25 18:25:01
334,M-19,64.41,4.95,10.94,2024-12-29 02:12:44
335,M-9,57.82,6.92,8.61,2024-06-08 11:10:50
336,M-10,65.32,3.45,9.77,2024-04-30 23:29:56
337,M-3,68.29,3.05,10.85,2024-05-06 07:20:36
338,M-20,68.63,3.74,7.89,2024-12-01 21:48:18
339,M-12,62.88,5.02,9.2,2024-12-12 02:10:17
340,M-4,74.48,4.75,11.9,2024-10-25 14:00:58
341,M-12,61.77,5.04,9.89,2024-03-26 13:20:27
342,M-18,93.33,4.98,11.79,2024-06-28 20:49:02
343,M-11,74.17,4.7,13.55,2024-01-03 09:06:55
344,M-5,55.03,3.22,8.23,2024-07-21 18:22:05
345,M-11,68.0,4.51,11.86,2024-05-29 02:46:06
346,M-4,47.53,3.02,11.08,2024-02-12 05:28:37
347,M-11,77.88,5.33,11.08,2024-01-08 19:30:28
348,M-6,59.89,2.52,6.77,2024-07-21 10:00:43
349,M-14,54.16,4.99,10.68,2024-05-17 13:57:05
350,M-1,67.85,4.55,6.25,2024-05-20 06:35:20
351,M-12,54.78,7.24,10.78,2024-02-19 03:35:51
352,M-8,73.33,4.37,5.72,2024-08-17 03:06:13
353,M-13,64.06,4.24,9.01,2024-03-23 17:44:28
354,M-1,79.02,6.37,5.46,2024-01-20 06:05:56
355,M-6,75.29,5.31,11.52,2024-10-30 11:19:04
356,M-7,61.6,7.06,11.45,2024-03-29 18:10:08
357,M-18,69.84,5.77,9.56,2024-04-08 21:49:10
358,M-15,76.46,5.81,14.08,2024-01-28 11:20:13
359,M-12,84.52,5.66,7.82,2024-03-07 20:42:27
360,M-13,56.38,3.54,9.85,2024-06-19 06:46:56
361,M-9,82.78,4.41,15.52,2024-01-29 03:22:35
362,M-8,81.37,4.89,10.45,2024-12-23 05:39:51
363,M-6,71.56,3.92,15.67,2024-01-16 20:08:12
364,M-15,96.68,4.0,9.0,2024-04-24 00:21:56
365,M-6,69.28,1.93,12.23,2024-10-18 21:16:59
366,M-12,69.44,6.12,11.48,2024-12-15 01:39:56
367,M-2,58.52,5.76,8.89,2024-04-30 09:16:00
368,M-1,69.84,4.15,8.02,2024-10-13 13:59:33
369,M-13,78.37,5.76,9.14,2024-02-28 06:07:26
370,M-8,65.81,3.95,13.02,2024-07-03 04:18:11
371,M-11,57.28,3.73,6.43,2024-01-07 15:18:47
372,M-13,87.97,5.82,13.85,2024-11-30 00:08:06
373,M-2,63.48,6.62,9.63,2024-12-27 17:56:29
374,M-16,85.22,6.67,13.37,2024-04-26 05:43:10
375,M-18,73.79,5.33,9.06,2024-04-10 13:09:38
376,M-16,75.92,5.12,10.94,2024-01-17 08:37:12
377,M-7,70.58,5.02,10.88,2024-10-15 22:53:03
378,M-18,51.86,6.12,9.37,2024-05-30 23:17:52
379,M-6,68.87,3.94,10.12,2024-05-01 20:53:55
380,M-3,76.14,4.49,13.01,2024-12-01 10:10:57
381,M-6,76.64,6.74,7.6,2024-09-18 07:56:22
382,M-6,63.53,2.99,10.14,2024-11-28 07:38:04
383,M-9,90.87,4.64,11.38,2024-11-23 00:10:42
384,M-17,73.35,5.34,9.99,2024-02-04 05:12:14
385,M-5,68.67,3.17,10.32,2024-11-17 12:31:27
386,M-20,60.41,5.11,15.19,2024-06-03 13:17:19
387,M-6,53.69,4.66,8.84,2024-05-19 19:07:49
388,M-17,62.72,6.82,7.0,2024-05-28 03:58:54
389,M-11,71.79,4.69,10.93,2024-04-13 15:53:37
390,M-10,68.46,5.48,12.65,2024-11-19 12:39:03
391,M-18,74.22,5.43,9.52,2024-10-28 17:17:27
392,M-18,86.08,4.76,6.23,2024-02-27 14:17:20
393,M-5,78.14,4.85,9.9,2024-07-11 03:06:23
394,M-16,56.23,6.11,10.06,2024-06-05 22:40:48
395,M-20,85.14,7.1,7.29,2024-05-31 00:31:35
396,M-4,81.18,4.4,10.5,2024-05-24 16:00:13
397,M-5,67.68,4.41,9.34,2024-12-26 15:38:56
398,M-9,64.66,3.85,12.96,2024-12-06 16:14:29
399,M-10,55.49,4.39,14.33,2024-11-07 21:24:11
400,M-10,68.26,3.73,10.38,2024-09-12 04:03:24
401,M-7,71.66,5.1,9.05,2024-03-11 18:05:28
402,M-18,64.26,5.06,8.12,2024-07-03 04:14:12
403,M-20,68.84,4.25,15.06,2024-07-20 19:52:39
404,M-19,67.43,4.29,9.55,2024-12-29 20:42:23
405,M-8,69.14,7.96,9.55,2024-12-17 16:40:05
406,M-15,65.01,5.83,11.49,2024-08-23 10:24:24
407,M-11,69.67,5.34,13.51,2024-03-21 16:12:56
408,M-19,87.59,7.29,7.97,2024-09-04 03:05:31
409,M-5,82.7,3.35,8.16,2024-01-30 12:00:34
410,M-12,70.75,4.85,10.42,2024-06-21 23:30:33
411,M-16,58.93,6.76,10.75,2024-12-22 20:45:30
412,M-15,58.05,5.71,10.62,2024-11-16 06:08:00
413,M-18,63.58,5.83,9.1,2024-10-02 11:19:25
414,M-6,74.25,5.13,8.68,2024-03-04 00:42:04
415,M-2,67.93,5.18,10.98,2024-04-08 15:40:34
416,M-4,60.95,7.33,10.91,2024-12-17 07:32:43
417,M-3,54.22,7.81,12.6,2024-01-21 08:01:29
418,M-20,61.53,4.53,7.8,2024-08-02 17:20:20
419,M-20,75.27,4.61,12.17,2024-06-12 14:22:55
420,M-2,66.59,3.32,8.73,2024-07-21 10:23:26
421,M-19,53.22,4.73,13.61,2024-02-21 04:18:51
422,M-17,62.07,3.84,13.38,2024-12-14 01:46:31
423,M-5,75.03,5.01,11.2,2024-10-05 19:53:09
424,M-9,74.17,6.31,9.71,2024-07-05 04:54:20
425,M-3,68.57,4.36,8.13,2024-12-11 09:17:13
426,M-6,59.66,5.36,9.85,2024-11-27 15:21:28
427,M-17,76.33,4.08,9.98,2024-06-02 05:51:13
428,M-1,62.16,5.97,9.97,2024-05-08 23:43:32
429,M-1,65.32,5.67,11.8,2024-01-27 19:56:35
430,M-20,56.8,3.99,7.11,2024-01-17 03:59:43
431,M-8,78.08,3.21,11.18,2024-08-24 04:12:06
432,M-15,77.51,5.37,11.13,2024-11-10 07:00:58
433,M-3,70.75,2.62,7.9,2024-12-13 09:38:08
434,M-15,75.08,5.07,10.55,2024-08-28 10:38:49
435,M-18,54.45,5.73,10.45,2024-07-26 06:04:49
436,M-8,74.98,1.51,7.39,2024-12-07 18:44:23
437,M-6,52.97,4.88,6.67,2024-11-15 22:52:09
438,M-7,66.33,5.48,11.3,2024-06-30 13:10:33
439,M-11,65.78,5.66,12.79,2024-06-16 13:58:59
440,M-11,62.89,3.64,8.61,2024-10-08 17:05:09
441,M-20,80.94,5.48,8.96,2024-08-18 06:38:52
442,M-1,96.72,5.52,12.41,2024-11-14 10:51:49
443,M-5,48.79,5.65,10.79,2024-01-27 12:31:10
444,M-11,73.33,4.6,14.06,2024-10-21 03:32:38
445,M-12,80.37,6.2,11.1,2024-05-21 10:56:23
446,M-3,68.23,6.45,13.31,2024-06-19 01:27:36
447,M-3,76.54,7.86,9.31,2024-09-20 10:13:58
448,M-1,57.14,5.3,10.53,2024-09-02 19:56:25
449,M-20,62.73,5.36,11.44,2024-07-03 08:37:52
450,M-4,81.3,4.83,9.32,2024-01-25 02:45:34
451,M-2,81.58,7.09,9.96,2024-08-30 09:13:14
452,M-6,69.26,4.25,8.95,2024-06-05 23:01:23
453,M-10,80.49,5.04,14.19,2024-09-13 15:50:01
454,M-9,79.43,6.52,10.22,2024-01-29 02:43:06
455,M-10,76.81,5.61,12.14,2024-05-04 01:47:51
456,M-3,87.73,5.34,8.79,2024-04-18 05:02:51
457,M-7,76.18,5.21,8.46,2024-09-28 08:11:42
458,M-15,56.69,5.38,8.95,2024-08-21 01:04:22
459,M-20,83.98,5.4,9.21,2024-02-10 21:39:06
460,M-9,57.21,6.65,9.97,2024-12-08 06:46:22
461,M-18,74.18,6.01,11.03,2024-09-08 12:13:56
462,M-1,60.24,3.22,10.49,2024-03-19 20:22:41
463,M-2,63.9,3.59,8.88,2024-06-21 07:50:22
464,M-10,80.25,6.44,9.61,2024-01-30 00:39:04
465,M-8,59.23,7.07,13.01,2024-11-09 11:58:52
466,M-10,67.25,5.17,10.65,2024-08-28 17:30:37
467,M-3,65.59,4.09,10.82,2024-02-27 13:00:04
468,M-18,57.06,6.9,13.13,2024-08-28 10:01:15
469,M-16,70.48,6.02,9.25,2024-07-14 04:23:13
470,M-20,51.32,5.54,12.48,2024-02-03 11:22:35
471,M-20,65.55,3.33,8.12,2024-03-19 02:37:15
472,M-5,53.51,3.69,11.47,2024-05-03 10:20:55
473,M-13,70.03,2.93,11.09,2024-07-17 14:30:48
474,M-18,65.1,4.75,9.81,2024-05-15 06:02:17
475,M-15,78.58,5.76,8.27,2024-03-19 01:51:43
476,M-13,72.17,4.02,8.93,2024-11-08 07:55:34
477,M-15,65.83,2.63,5.63,2024-10-23 12:01:03
478,M-7,72.14,4.42,9.98,2024-04-11 09:33:57
479,M-8,82.99,4.38,8.1,2024-10-12 21:10:31
480,M-9,63.22,3.6,14.69,2024-04-03 05:57:55
481,M-9,68.6,5.7,13.91,2024-12-20 13:47:01
482,M-17,70.68,6.82,9.76,2024-04-27 08:13:26
483,M-8,69.96,5.76,10.52,2024-06-27 08:24:23
484,M-5,65.18,5.82,10.31,2024-07-24 02:29:22
485,M-10,58.97,3.61,8.29,2024-03-26 13:32:15
486,M-13,68.4,5.96,7.52,2024-03-26 04:40:30
487,M-2,61.77,4.85,11.96,2024-11-30 01:56:25
488,M-8,57.14,4.91,6.94,2024-07-23 10:46:54
489,M-4,63.1,3.05,10.86,2024-02-27 11:25:43
490,M-7,78.23,5.4,8.43,2024-06-03 16:47:38
491,M-15,74.44,3.89,9.62,2024-03-22 11:54:56
492,M-12,73.99,6.68,9.07,2024-11-15 00:01:34
493,M-15,76.1,4.31,12.53,2024-07-09 02:29:39
494,M-17,65.62,2.81,8.64,2024-07-24 03:12:58
495,M-12,67.99,4.24,10.75,2024-05-25 15:36:59
496,M-17,69.84,4.17,10.45,2024-03-06 21:58:09
497,M-16,67.06,4.09,9.18,2024-11-12 22:30:13
498,M-1,63.33,4.91,11.16,2024-02-01 08:53:39
499,M-20,79.57,5.02,14.51,2024-01-24 22:31:13
500,M-12,62.05,4.87,11.97,2024-01-27 16:50:54
501,M-13,65.13,5.68,9.0,2024-12-11 23:57:43
502,M-7,79.75,4.8,8.38,2024-02-07 07:44:41
503,M-6,72.44,2.81,12.5,2024-09-04 04:04:27
504,M-12,69.16,6.01,7.53,2024-02-11 05:55:50
505,M-16,69.01,5.25,12.79,2024-09-20 06:59:51
506,M-13,57.56,4.54,9.06,2024-07-16 22:49:05
507,M-6,87.34,2.68,10.53,2024-03-30 22:24:51
508,M-17,80.1,3.99,8.05,2024-04-10 04:34:23
509,M-5,65.39,3.14,12.23,2024-04-02 01:18:08
510,M-14,61.26,4.85,9.96,2024-08-23 06:17:00
511,M-6,74.38,3.1,14.19,2024-10-19 00:32:47
512,M-16,64.0,6.84,9.18,2024-07-22 16:52:36
513,M-17,77.96,5.21,11.03,2024-03-08 21:42:38
514,M-7,75.63,5.82,11.42,2024-10-14 03:12:52
515,M-7,66.7,4.23,14.79,2024-09-01 09:41:47
516,M-8,69.52,1.04,10.3,2024-07-28 22:20:01
517,M-12,85.93,7.81,14.37,2024-10-14 23:50:04
518,M-19,61.43,6.86,11.0,2024-06-17 01:56:10
519,M-4,70.86,4.46,13.17,2024-11-17 08:30:15
520,M-9,77.62,5.6,10.47,2024-07-17 20:53:12
521,M-9,69.43,7.32,8.59,2024-04-29 05:37:32
522,M-12,69.23,6.27,13.29,2024-01-13 14:55:12
523,M-4,73.53,3.67,7.11,2024-09-01 08:24:02
524,M-16,67.44,4.5,11.99,2024-05-03 05:32:51
525,M-10,81.31,6.93,8.0,2024-09-04 14:55:41
526,M-13,67.02,7.64,9.23,2024-09-04 22:14:00
527,M-19,59.45,5.85,10.88,2024-02-26 00:55:09
528,M-19,97.04,5.26,8.4,2024-12-08 14:16:40
529,M-7,63.57,6.39,13.85,2024-05-28 17:21:49
530,M-11,76.38,5.98,11.32,2024-04-10 19:20:16
531,M-14,74.31,7.88,14.35,2024-09-10 07:32:22
532,M-1,67.61,4.97,6.49,2024-10-03 14:51:43
533,M-10,53.82,4.92,10.24,2024-05-13 08:30:04
534,M-9,84.09,4.42,11.19,2024-10-01 11:53:57
535,M-5,83.49,7.22,12.42,2024-11-18 07:57:39
536,M-18,76.99,4.33,5.7,2024-04-19 15:51:07
537,M-18,70.5,5.64,9.41,2024-04-01 16:40:47
538,M-20,88.51,4.67,10.24,2024-04-12 15:21:09
539,M-19,56.69,6.55,8.78,2024-02-24 11:40:18
540,M-5,76.27,6.36,8.47,2024-05-13 09:30:34
541,M-6,80.3,5.04,9.64,2024-09-30 10:36:07
542,M-10,69.52,6.12,12.13,2024-01-24 04:00:50
543,M-4,61.42,4.53,7.59,2024-10-19 21:13:33
544,M-14,61.17,5.0,7.03,2024-10-04 09:20:28
545,M-15,57.91,7.18,7.2,2024-05-04 08:21:41
546,M-14,59.37,5.93,8.29,2024-02-03 02:48:35
547,M-14,67.8,3.22,10.23,2024-09-24 23:50:58
548,M-7,52.03,4.66,9.64,2024-06-20 20:47:09
549,M-4,78.04,4.02,8.13,2024-06-23 21:06:22
550,M-5,60.95,5.66,10.53,2024-08-18 19:03:54
551,M-14,77.37,3.74,7.51,2024-08-23 20:25:55
552,M-6,73.44,4.18,9.26,2024-08-12 03:05:51
553,M-17,51.43,6.51,9.02,2024-05-01 10:28:10
554,M-5,63.14,2.7,10.54,2024-06-05 05:14:55
555,M-11,57.61,6.78,8.08,2024-04-10 13:58:53
556,M-8,74.49,4.57,11.92,2024-11-09 06:24:08
557,M-14,82.26,5.79,10.43,2024-11-02 14:57:09
558,M-13,46.79,5.67,7.11,2024-02-25 02:56:58
559,M-9,72.37,3.21,11.5,2024-06-24 06:20:21
560,M-5,67.04,6.03,12.28,2024-03-28 21:56:17
561,M-4,88.29,3.83,9.71,2024-09-30 00:59:02
562,M-6,46.19,5.28,9.41,2024-05-15 21:42:00
563,M-19,76.72,0.93,9.03,2024-08-20 17:37:26
564,M-7,73.02,6.68,8.51,2024-12-09 04:49:20
565,M-6,67.12,5.17,8.15,2024-04-13 06:11:53
566,M-16,66.61,4.72,9.78,2024-01-20 22:40:05
567,M-19,86.87,6.16,7.71,2024-02-06 09:24:47
568,M-18,64.69,5.76,8.39,2024-03-25 03:59:22
569,M-7,73.7,7.07,9.52,2024-07-11 14:29:43
570,M-15,62.1,5.08,11.03,2024-06-15 18:52:15
571,M-17,85.65,5.13,11.69,2024-08-04 01:51:52
572,M-16,56.33,6.09,12.19,2024-09-17 22:22:33
573,M-4,57.04,6.1,11.9,2024-03-12 01:59:09
574,M-1,74.33,5.26,11.5,2024-09-23 18:16:37
575,M-7,69.46,6.48,14.53,2024-02-16 23:02:58
576,M-15,69.95,3.55,11.33,2024-03-06 19:20:33
577,M-2,67.68,6.46,11.19,2024-12-29 08:35:43
578,M-19,84.73,6.86,9.78,2024-11-26 13:39:47
579,M-4,62.75,3.2,8.21,2024-11-30 01:33:15
580,M-18,54.83,6.16,8.64,2024-10-21 15:20:40
581,M-14,58.6,5.38,9.44,2024-06-01 10:44:30
582,M-7,66.92,6.24,10.1,2024-09-22 03:43:15
583,M-10,84.39,3.44,11.24,2024-11-12 21:29:03
584,M-20,59.1,4.12,9.15,2024-03-30 14:27:58
585,M-8,71.85,2.84,10.72,2024-12-04 19:24:48
586,M-19,70.22,5.23,9.41,2024-11-18 00:07:58
587,M-6,77.02,5.36,9.01,2024-05-08 19:02:38
588,M-12,75.31,5.68,13.24,2024-01-23 00:50:20
589,M-12,70.68,8.2,6.36,2024-12-06 19:01:11
590,M-4,58.24,3.46,8.09,2024-12-17 18:49:50
591,M-16,62.0,3.86,5.37,2024-07-05 14:10:43
592,M-3,62.17,4.96,9.94,2024-07-17 11:18:00
593,M-6,77.51,7.82,11.89,2024-08-28 15:33:29
594,M-10,51.49,3.13,9.36,2024-07-08 07:52:13
595,M-5,52.37,6.0,10.73,2024-05-21 12:16:12
596,M-9,55.2,5.01,9.6,2024-09-28 07:28:27
597,M-18,77.89,5.85,10.71,2024-11-15 19:50:16
598,M-4,68.54,1.66,11.27,2024-02-23 06:59:53
599,M-2,75.87,6.32,13.79,2024-04-07 04:23:30
600,M-19,78.6,4.57,7.08,2024-09-13 21:24:50
601,M-2,63.81,4.92,6.67,2024-07-14 22:25:06
602,M-7,64.54,6.29,8.8,2024-06-18 20:12:48
603,M-8,44.3,5.02,7.73,2024-11-20 22:31:21
604,M-7,81.53,3.0,8.37,2024-01-29 21:51:35
605,M-3,69.84,4.25,9.47,2024-12-03 23:13:29
606,M-9,80.41,6.77,9.59,2024-06-24 18:27:01
607,M-9,54.89,5.15,11.2,2024-01-21 18:56:18
608,M-3,83.1,3.35,9.16,2024-03-09 23:31:23
609,M-9,76.93,9.9,10.44,2024-05-30 05:51:29
610,M-16,63.0,2.8,10.2,2024-01-30 19:48:12
611,M-6,71.7,5.64,10.28,2024-08-07 21:51:18
612,M-9,51.36,4.61,9.35,2024-02-05 04:34:31
613,M-1,77.57,6.09,8.95,2024-05-23 13:00:45
614,M-10,57.31,3.5,6.05,2024-06-30 05:56:26
615,M-15,68.96,5.2,9.95,2024-03-11 23:01:28
616,M-8,93.39,4.21,10.4,2024-01-29 01:24:15
617,M-12,63.77,4.81,8.68,2024-03-12 05:04:11
618,M-8,72.23,6.71,12.59,2024-09-01 23:30:07
619,M-14,63.8,6.0,7.58,2024-10-24 11:46:48
620,M-4,79.96,4.74,12.98,2024-02-15 21:56:12
621,M-8,79.34,2.87,8.74,2024-10-16 07:15:11
622,M-1,82.62,4.57,11.68,2024-09-21 06:49:44
623,M-4,63.99,4.26,10.36,2024-05-14 06:06:04
624,M-11,92.21,5.02,12.34,2024-06-16 14:57:20
625,M-4,56.11,5.65,8.28,2024-05-02 16:06:42
626,M-15,69.57,5.63,11.52,2024-08-13 09:28:51
627,M-16,76.63,4.57,10.88,2024-11-12 02:23:59
628,M-1,66.69,2.93,13.86,2024-04-11 04:22:21
629,M-8,72.75,4.44,10.3,2024-05-25 08:29:00
630,M-7,69.21,3.02,6.96,2024-05-09 08:19:35
631,M-12,71.2,4.64,11.01,2024-06-02 15:59:40
632,M-2,57.39,5.83,12.68,2024-08-08 11:10:21
633,M-11,84.07,2.75,12.36,2024-02-12 14:01:07
634,M-13,80.46,5.36,9.34,2024-01-08 19:41:29
635,M-14,76.12,4.35,8.19,2024-07-15 07:27:03
636,M-18,77.29,3.68,8.25,2024-08-28 23:35:02
637,M-13,76.35,7.44,10.94,2024-01-20 02:53:29
638,M-8,61.21,4.57,9.29,2024-12-01 19:41:04
639,M-10,88.3,7.07,9.71,2024-05-23 21:13:44
640,M-14,73.35,4.46,8.51,2024-04-18 04:15:30
641,M-3,82.48,3.44,5.58,2024-10-15 06:46:33
642,M-20,90.73,6.34,10.26,2024-11-01 21:33:24
643,M-17,73.19,3.87,8.98,2024-09-04 07:07:42
644,M-15,67.22,4.64,8.52,2024-02-11 23:04:12
645,M-14,77.37,6.59,5.91,2024-08-07 17:03:25
646,M-19,77.85,5.44,7.13,2024-08-29 18:07:16
647,M-17,68.38,6.78,9.14,2024-01-14 19:31:01
648,M-16,76.68,3.44,11.61,2024-07-15 13:25:14
649,M-9,60.71,4.54,11.38,2024-03-05 03:42:50
650,M-6,44.89,6.93,9.93,2024-06-24 11:11:46
651,M-14,71.63,3.95,13.01,2024-08-16 15:48:06
652,M-14,48.16,5.02,8.54,2024-11-26 00:17:35
653,M-7,82.37,4.68,10.3,2024-05-24 14:14:07
654,M-2,87.87,5.76,9.86,2024-01-04 16:30:38
655,M-18,75.57,4.68,7.61,2024-01-12 13:08:40
656,M-7,62.0,8.09,10.57,2024-04-27 12:58:23
657,M-15,81.72,4.31,9.43,2024-01-17 00:10:17
658,M-19,66.29,6.37,9.42,2024-04-12 09:04:24
659,M-8,77.07,4.3,10.94,2024-06-27 23:59:11
660,M-18,64.65,6.38,12.23,2024-10-25 19:14:21
661,M-17,87.04,4.05,7.85,2024-01-28 02:55:55
662,M-4,76.9,2.39,9.11,2024-04-21 01:38:33
663,M-3,63.63,5.94,11.89,2024-01-30 10:26:25
664,M-12,72.29,6.76,11.06,2024-11-29 11:18:16
665,M-14,68.52,4.66,8.85,2024-11-02 01:17:14
666,M-1,83.84,2.51,8.74,2024-08-22 11:29:24
667,M-1,75.12,6.04,9.52,2024-09-19 06:22:26
668,M-9,78.54,4.12,9.81,2024-08-16 01:00:19
669,M-16,81.58,4.44,12.87,2024-09-19 21:19:19
670,M-6,77.27,6.31,12.06,2024-01-14 09:25:17
671,M-7,76.33,5.02,12.81,2024-05-20 04:20:32
672,M-16,83.82,5.93,8.12,2024-03-03 17:30:54
673,M-5,74.99,4.33,9.59,2024-12-17 11:16:19
674,M-10,83.56,4.85,8.7,2024-10-26 15:00:18
675,M-14,74.03,6.34,8.98,2024-03-28 00:12:19
676,M-7,69.85,4.37,9.63,2024-09-09 04:12:52
677,M-5,60.5,5.52,11.04,2024-11-19 05:08:42
678,M-13,69.86,5.27,11.86,2024-06-26 01:02:14
679,M-1,68.69,6.02,8.33,2024-04-29 02:30:49
680,M-10,65.46,5.08,8.1,2024-05-31 22:13:06
681,M-1,92.05,5.17,10.7,2024-10-04 09:36:26
682,M-13,52.88,7.45,11.25,2024-11-15 06:16:00
683,M-15,70.88,5.45,9.59,2024-09-04 09:08:56
684,M-11,62.48,5.15,8.68,2024-02-12 13:47:48
685,M-17,71.41,2.47,9.17,2024-03-27 18:41:33
686,M-20,88.89,3.88,8.83,2024-05-15 04:22:37
687,M-8,77.28,8.16,7.97,2024-12-26 16:32:12
688,M-11,79.47,6.78,12.34,2024-07-06 09:29:13
689,M-3,68.16,4.6,12.69,2024-08-21 05:05:32
690,M-5,46.32,5.47,11.09,2024-09-20 21:40:02
691,M-2,57.65,3.91,9.19,2024-01-12 10:01:39
692,M-3,57.47,3.67,10.56,2024-02-26 07:06:26
693,M-10,48.57,3.38,9.58,2024-11-25 13:19:48
694,M-2,72.85,3.93,10.8,2024-09-16 09:09:52
695,M-10,71.77,3.58,12.03,2024-05-23 15:46:16
696,M-10,82.92,5.82,10.28,2024-10-08 19:33:13
697,M-18,74.13,5.21,5.66,2024-02-28 07:12:39
698,M-6,66.94,6.6,10.0,2024-02-04 10:17:30
699,M-4,61.0,5.31,11.81,2024-11-25 18:04:21
700,M-3,71.18,5.21,9.51,2024-05-20 10:06:59
701,M-3,65.95,5.31,10.87,2024-04-30 14:16:39
702,M-10,76.52,6.16,6.28,2024-04-21 12:36:02
703,M-1,88.13,3.47,8.8,2024-08-27 05:39:22
704,M-12,77.26,6.3,7.95,2024-11-29 12:33:28
705,M-6,78.68,4.98,9.34,2024-04-16 21:16:06
706,M-20,79.77,1.83,9.38,2024-06-05 17:06:50
707,M-13,74.99,4.66,10.22,2024-05-23 00:05:34
708,M-17,76.11,1.79,12.59,2024-10-02 16:09:38
709,M-14,72.44,3.09,10.26,2024-07-20 14:09:46
710,M-4,56.7,1.06,8.77,2024-03-01 00:18:49
711,M-4,58.87,3.03,8.7,2024-06-11 00:59:48
712,M-17,69.81,4.37,11.15,2024-04-16 03:35:17
713,M-15,84.59,3.55,7.65,2024-11-06 09:07:14
714,M-10,66.48,6.1,11.6,2024-03-13 07:26:30
715,M-16,48.83,4.23,11.35,2024-08-01 22:34:17
716,M-15,59.12,4.07,9.65,2024-11-08 06:23:29
717,M-13,96.43,4.28,11.98,2024-03-03 10:59:59
718,M-4,60.36,5.06,8.41,2024-12-03 02:19:59
719,M-14,75.64,3.08,10.98,2024-04-23 07:33:35
720,M-8,74.23,6.57,10.59,2024-09-05 15:21:17
721,M-13,59.92,6.49,11.37,2024-11-23 21:12:26
722,M-7,61.0,3.09,10.66,2024-06-30 14:21:09
723,M-11,78.01,4.3,9.07,2024-05-31 02:26:29
724,M-16,65.96,5.53,7.9,2024-03-10 01:58:26
725,M-13,67.16,2.92,11.13,2024-11-20 16:25:49
726,M-13,77.19,1.86,11.85,2024-10-01 02:37:36
727,M-17,71.66,6.25,6.86,2024-06-24 17:53:10
728,M-18,82.48,4.3,12.16,2024-06-20 13:05:45
729,M-9,70.84,4.53,11.56,2024-06-29 03:57:32
730,M-4,75.46,4.31,6.93,2024-11-27 08:18:17
731,M-19,71.21,6.59,10.68,2024-04-23 21:24:36
732,M-2,78.95,2.14,10.3,2024-01-30 21:58:27
733,M-15,79.6,4.12,10.37,2024-12-19 21:23:26
734,M-9,65.85,3.76,8.67,2024-04-12 17:46:29
735,M-7,81.18,2.61,13.16,2024-08-24 10:12:37
736,M-5,63.7,1.92,11.8,2024-09-29 11:24:39
737,M-15,50.03,3.41,14.14,2024-06-24 02:52:11
738,M-13,73.47,5.26,8.99,2024-06-29 01:23:36
739,M-20,79.07,7.79,8.97,2024-06-04 11:52:51
740,M-9,69.47,5.71,10.54,2024-09-06 02:31:57
741,M-12,64.86,5.0,9.13,2024-09-11 22:13:53
742,M-5,67.48,5.09,11.47,2024-10-06 20:47:54
743,M-20,68.82,4.89,7.12,2024-01-22 15:41:44
744,M-17,54.34,5.86,8.55,2024-05-01 16:31:33
745,M-6,64.28,5.46,9.64,2024-08-30 18:08:34
746,M-14,63.3,5.81,9.79,2024-12-03 05:34:46
747,M-5,66.45,4.22,11.01,2024-09-26 01:00:28
748,M-9,79.54,4.76,15.6,2024-05-28 19:13:17
749,M-8,76.79,4.16,9.91,2024-01-25 18:12:06
750,M-4,66.2,4.58,8.67,2024-12-01 19:18:30
751,M-18,63.32,7.1,7.46,2024-08-27 01:11:20
752,M-1,61.65,4.06,8.24,2024-07-29 04:45:53
753,M-14,55.48,8.12,8.04,2024-12-11 02:56:35
754,M-3,69.84,7.96,14.82,2024-12-19 08:05:19
755,M-2,64.8,5.85,9.58,2024-05-21 12:52:54
756,M-20,61.75,5.8,7.5,2024-04-15 06:03:12
757,M-15,71.29,6.16,10.94,2024-02-10 03:49:16
758,M-10,57.09,6.29,12.04,2024-03-28 22:36:09
759,M-19,71.56,2.75,9.51,2024-07-23 11:33:11
760,M-15,89.33,3.67,7.78,2024-10-30 08:19:22
761,M-3,71.49,2.98,12.56,2024-12-12 04:18:26
762,M-4,62.92,5.12,9.26,2024-08-16 04:05:45
763,M-4,61.55,5.02,10.6,2024-06-09 09:53:23
764,M-13,75.57,5.35,13.14,2024-05-02 16:43:44
765,M-10,74.89,6.9,5.63,2024-11-24 18:11:14
766,M-17,69.84,6.37,11.43,2024-10-03 05:17:10
767,M-1,68.28,4.67,11.16,2024-01-15 13:52:49
768,M-13,82.77,4.06,8.08,2024-12-25 18:38:10
769,M-12,63.03,4.5,10.35,2024-05-11 03:34:34
770,M-5,65.05,8.44,12.32,2024-10-06 20:05:33
771,M-16,65.11,5.65,10.76,2024-10-29 22:03:12
772,M-3,31.57,4.72,9.98,2024-06-02 01:28:58
773,M-1,68.22,6.13,9.4,2024-05-03 04:37:27
774,M-1,57.26,3.32,11.39,2024-08-26 00:36:52
775,M-5,83.35,5.76,9.77,2024-01-24 12:10:38
776,M-17,67.46,4.95,11.44,2024-12-13 13:15:56
777,M-8,81.88,5.65,7.04,2024-10-08 09:45:28
778,M-3,69.56,5.81,11.44,2024-05-28 14:10:28
779,M-3,61.79,1.06,12.62,2024-09-03 00:47:27
780,M-18,72.48,4.23,12.91,2024-12-07 09:41:19
781,M-7,71.71,5.81,8.82,2024-07-23 10:53:43
782,M-20,63.05,5.16,9.13,2024-07-29 09:10:01
783,M-17,81.09,2.27,11.68,2024-07-26 08:10:57
784,M-3,83.28,5.23,6.83,2024-08-02 01:43:05
785,M-5,95.47,5.82,11.49,2024-01-02 13:19:53
786,M-10,65.58,6.33,10.0,2024-08-24 10:48:04
787,M-14,82.59,5.54,9.23,2024-12-20 15:08:04
788,M-15,80.09,2.13,11.32,2024-04-08 02:19:35
789,M-9,69.22,3.07,9.34,2024-04-19 05:13:52
790,M-19,58.41,2.91,8.27,2024-07-19 21:28:07
791,M-8,67.98,7.03,9.6,2024-04-10 05:27:12
792,M-11,49.31,5.28,12.93,2024-11-13 18:46:14
793,M-2,63.08,3.89,11.99,2024-12-09 20:55:03
794,M-19,68.27,4.46,10.37,2024-06-22 06:25:30
795,M-4,71.11,4.55,8.42,2024-01-19 22:19:56
796,M-18,84.68,5.93,9.62,2024-06-05 23:21:51
797,M-14,70.2,5.77,9.39,2024-05-14 09:41:06
798,M-10,80.96,4.35,6.28,2024-04-08 01:23:03
799,M-20,67.74,6.84,8.89,2024-06-20 11:50:43
800,M-2,71.34,4.78,7.63,2024-09-10 04:53:00
801,M-4,67.42,3.86,11.75,2024-11-25 13:34:53
802,M-4,71.5,7.25,12.12,2024-04-11 22:32:25
803,M-14,70.26,2.51,12.57,2024-04-20 04:03:27
804,M-3,78.88,3.11,8.17,2024-11-28 19:17:14
805,M-19,71.17,7.56,10.44,2024-12-11 18:49:12
806,M-7,73.99,5.14,5.11,2024-02-13 11:42:33
807,M-19,58.5,4.52,9.19,2024-06-19 06:11:56
808,M-9,73.51,3.32,11.33,2024-03-06 14:00:07
809,M-16,83.25,4.36,6.11,2024-02-13 23:20:09
810,M-10,76.89,4.47,7.08,2024-10-01 10:14:29
811,M-6,85.69,4.8,10.46,2024-09-10 02:00:56
812,M-19,79.15,1.69,9.57,2024-11-25 01:54:27
813,M-14,73.5,4.75,6.28,2024-01-15 00:50:14
814,M-1,76.83,2.83,9.0,2024-09-04 11:20:53
815,M-10,74.21,5.02,8.5,2024-06-12 12:46:08
816,M-15,91.83,4.81,9.55,2024-03-16 00:59:29
817,M-19,87.86,4.07,11.52,2024-05-05 01:05:30
818,M-11,66.25,2.66,8.11,2024-02-14 05:21:32
819,M-10,75.41,5.53,11.24,2024-07-07 12:26:30
820,M-18,77.76,4.09,9.41,2024-01-15 04:18:23
821,M-9,67.33,5.53,8.05,2024-06-22 12:37:16
822,M-17,65.63,6.29,11.47,2024-12-24 16:27:49
823,M-3,81.75,7.65,9.38,2024-03-10 18:38:01
824,M-4,89.85,3.81,8.36,2024-10-27 08:15:37
825,M-17,72.31,2.1,7.28,2024-08-07 18:19:16
826,M-16,78.62,4.92,11.76,2024-06-29 20:43:13
827,M-11,77.45,4.61,10.79,2024-08-04 16:06:58
828,M-8,74.69,3.51,10.83,2024-12-27 13:10:39
829,M-12,65.59,4.45,9.75,2024-07-24 20:55:56
830,M-4,61.66,5.41,11.71,2024-06-10 15:42:53
831,M-11,70.68,3.39,8.61,2024-02-11 03:12:05
832,M-17,67.38,5.52,13.37,2024-08-18 11:32:30
833,M-17,67.42,6.06,5.72,2024-05-15 02:42:55
834,M-10,66.78,4.39,10.97,2024-05-14 20:57:39
835,M-10,64.12,6.57,6.78,2024-08-23 22:42:01
836,M-12,82.62,4.32,10.01,2024-10-28 10:50:42
837,M-8,64.94,3.51,9.7,2024-11-05 12:04:10
838,M-14,58.03,5.36,5.86,2024-06-25 12:09:09
839,M-17,61.41,4.04,10.41,2024-09-03 01:04:53
840,M-9,61.61,2.76,9.7,2024-09-16 10:56:14
841,M-20,88.72,5.6,9.27,2024-03-30 11:00:59
842,M-20,77.23,5.7,8.51,2024-07-22 16:34:40
843,M-8,73.2,4.75,8.05,2024-06-30 17:05:47
844,M-14,53.93,5.81,8.93,2024-10-15 14:42:17
845,M-15,71.37,4.18,9.15,2024-02-04 05:31:39
846,M-9,60.75,6.34,9.17,2024-09-06 11:45:32
847,M-20,79.98,5.89,8.86,2024-01-21 14:28:44
848,M-7,61.09,4.37,12.15,2024-09-25 03:43:56
849,M-5,52.85,3.7,13.38,2024-04-10 22:24:22
850,M-18,67.48,4.37,8.36,2024-07-25 21:10:06
851,M-5,82.35,6.39,8.98,2024-03-25 02:42:33
852,M-18,72.75,3.55,9.03,2024-10-02 07:11:30
853,M-1,58.41,3.42,11.44,2024-02-29 01:36:14
854,M-3,77.54,5.83,12.64,2024-08-24 17:17:40
855,M-9,75.28,4.67,9.8,2024-01-22 03:50:08
856,M-6,72.06,3.25,7.52,2024-12-29 11:56:16
857,M-12,75.59,4.18,12.73,2024-01-30 06:12:13
858,M-9,58.84,4.86,11.84,2024-05-12 04:38:37
859,M-20,69.84,5.62,6.77,2024-03-01 12:49:47
860,M-7,69.95,7.15,12.75,2024-05-08 00:27:41
861,M-13,66.15,6.62,10.2,2024-02-09 12:43:45
862,M-15,64.78,6.23,11.06,2024-04-03 21:35:46
863,M-6,79.91,4.85,10.29,2024-03-26 00:06:48
864,M-4,65.55,3.3,11.51,2024-02-01 19:48:46
865,M-10,54.38,4.78,13.13,2024-04-29 19:36:00
866,M-4,58.89,2.64,9.57,2024-07-22 00:28:27
867,M-6,63.78,5.49,10.63,2024-04-12 21:08:47
868,M-16,74.16,6.77,9.75,2024-08-31 10:20:32
869,M-17,75.39,5.87,12.58,2024-11-15 12:39:59
870,M-14,50.91,5.11,10.08,2024-12-11 00:12:12
871,M-2,80.8,3.8,11.83,2024-03-27 02:13:06
872,M-7,53.05,7.67,12.17,2024-11-29 11:59:21
873,M-13,59.57,6.57,7.02,2024-05-16 02:37:28
874,M-13,72.95,2.87,11.04,2024-06-12 05:46:57
875,M-14,73.36,6.43,8.01,2024-06-15 11:01:25
876,M-7,65.67,5.81,6.09,2024-02-07 06:20:48
877,M-12,58.86,5.07,6.48,2024-01-09 17:03:44
878,M-18,67.38,5.17,9.08,2024-12-12 15:57:21
879,M-10,68.55,4.77,12.83,2024-07-04 21:51:06
880,M-13,62.45,6.5,14.97,2024-12-23 04:45:11
881,M-19,65.84,4.54,8.55,2024-12-21 15:45:15
882,M-13,74.83,5.29,8.81,2024-06-29 07:17:39
883,M-17,86.4,5.38,10.26,2024-06-10 08:42:34
884,M-13,77.71,3.3,11.42,2024-10-17 02:07:58
885,M-7,53.16,8.44,9.96,2024-11-23 10:53:52
886,M-13,72.26,4.79,9.22,2024-07-06 04:25:43
887,M-5,75.52,5.56,8.38,2024-10-20 10:06:11
888,M-17,51.19,4.26,4.13,2024-02-24 00:44:22
889,M-11,68.16,7.1,10.69,2024-11-09 04:21:01
890,M-18,79.08,4.3,5.44,2024-10-07 07:13:19
891,M-15,59.21,5.6,12.77,2024-02-09 10:11:50
892,M-2,53.19,4.53,10.06,2024-12-09 09:39:06
893,M-3,74.39,3.54,9.21,2024-09-21 18:25:15
894,M-8,71.2,3.11,7.14,2024-07-15 20:27:24
895,M-3,78.43,3.95,10.54,2024-01-09 14:28:10
896,M-18,65.68,4.72,11.11,2024-10-22 19:58:50
897,M-6,70.18,3.67,11.62,2024-06-29 16:40:50
898,M-12,69.74,4.16,7.96,2024-11-28 02:19:56
899,M-9,65.47,5.63,9.25,2024-12-23 12:49:49
900,M-15,50.14,6.75,12.2,2024-09-15 18:32:50
901,M-16,75.4,2.86,13.76,2024-12-23 00:45:34
902,M-11,81.9,6.41,9.25,2024-01-22 12:23:01
903,M-10,51.82,6.2,7.71,2024-11-06 19:58:19
904,M-20,66.34,4.99,7.75,2024-08-08 14:36:15
905,M-12,67.84,6.26,11.72,2024-09-08 19:24:16
906,M-6,86.14,4.31,11.05,2024-05-19 10:51:29
907,M-18,64.02,6.79,6.05,2024-10-23 03:10:17
908,M-6,55.85,4.23,11.35,2024-12-03 14:04:07
909,M-6,81.68,2.75,7.97,2024-06-27 17:28:46
910,M-3,60.87,2.11,12.02,2024-04-09 04:48:10
911,M-5,58.95,8.63,10.3,2024-01-17 19:54:40
912,M-19,90.57,2.65,8.88,2024-02-22 09:18:57
913,M-17,86.37,2.45,11.99,2024-11-02 00:34:24
914,M-7,61.4,4.79,5.47,2024-03-15 13:59:38
915,M-16,74.72,6.16,11.85,2024-05-14 01:21:59
916,M-11,67.28,5.45,7.32,2024-04-19 17:42:20
917,M-4,61.8,5.35,9.29,2024-01-25 18:05:13
918,M-17,91.89,6.4,12.12,2024-06-08 06:17:35
919,M-5,61.86,5.05,10.55,2024-01-23 11:36:07
920,M-5,80.35,5.39,10.04,2024-11-17 02:41:18
921,M-18,67.26,5.97,7.27,2024-02-02 22:24:48
922,M-8,78.15,5.27,10.35,2024-04-04 08:04:02
923,M-11,79.25,3.23,6.59,2024-04-20 08:59:55
924,M-10,69.91,5.77,10.9,2024-07-10 21:36:44
925,M-10,68.54,2.89,7.07,2024-07-19 05:51:02
926,M-3,68.1,6.54,7.12,2024-08-25 14:30:47
927,M-9,79.66,5.34,9.22,2024-10-22 11:31:56
928,M-7,69.6,7.25,9.46,2024-03-21 13:39:19
929,M-13,70.84,5.18,11.27,2024-12-13 20:08:22
930,M-1,61.12,5.34,8.43,2024-04-21 02:22:12
931,M-14,64.06,3.55,14.93,2024-10-05 05:39:56
932,M-8,84.0,5.57,7.68,2024-04-04 14:46:34
933,M-13,77.27,5.61,9.1,2024-04-28 21:54:29
934,M-15,69.08,5.51,10.69,2024-01-01 13:46:24
935,M-1,89.12,4.56,10.07,2024-10-11 02:55:35
936,M-15,73.73,4.59,6.96,2024-08-24 04:11:52
937,M-13,76.94,3.65,7.99,2024-04-05 11:18:14
938,M-1,73.02,4.23,8.32,2024-08-11 18:11:31
939,M-4,76.0,9.06,10.49,2024-04-08 03:11:01
940,M-8,49.84,5.81,10.9,2024-08-01 22:34:23
941,M-13,63.54,3.24,10.69,2024-08-09 11:44:08
942,M-9,58.93,3.4,7.44,2024-08-12 06:55:14
943,M-8,81.43,5.71,10.16,2024-10-20 00:04:20
944,M-1,62.49,6.67,11.61,2024-04-05 10:37:07
945,M-19,88.98,5.56,9.73,2024-03-07 00:42:42
946,M-4,73.71,6.23,13.18,2024-08-20 13:51:04
947,M-15,55.79,4.84,9.54,2024-02-23 11:48:32
948,M-14,57.05,2.02,10.23,2024-04-22 06:52:51
949,M-19,70.07,3.34,6.86,2024-08-19 03:50:30
950,M-17,55.41,3.97,11.95,2024-05-12 16:32:32
951,M-3,76.86,3.44,10.98,2024-01-19 03:26:15
952,M-8,56.87,7.56,7.88,2024-06-02 11:09:44
953,M-15,48.23,4.25,10.26,2024-06-17 22:13:23
954,M-10,70.84,7.47,10.95,2024-05-04 23:12:46
955,M-7,64.38,4.67,5.35,2024-09-10 04:42:40
956,M-2,73.47,6.6,7.44,2024-02-24 12:46:14
957,M-12,90.96,5.04,10.46,2024-02-16 23:35:09
958,M-19,64.78,6.02,11.23,2024-01-22 00:19:11
959,M-2,72.84,4.17,10.77,2024-11-19 00:52:01
960,M-4,64.13,5.02,11.43,2024-06-22 23:44:45
961,M-19,65.14,5.43,13.44,2024-03-25 13:18:51
962,M-1,70.02,5.87,9.29,2024-01-30 16:42:00
963,M-19,75.94,6.03,12.07,2024-10-19 07:11:10
964,M-16,64.32,5.66,9.04,2024-07-27 09:09:15
965,M-18,73.57,7.1,11.41,2024-08-17 19:24:44
966,M-5,59.74,6.48,12.6,2024-03-31 13:10:48
967,M-13,62.79,4.45,9.88,2024-02-21 00:48:46
968,M-5,89.91,1.22,8.27,2024-06-20 02:18:04
969,M-18,66.23,4.81,11.19,2024-07-15 06:44:00
970,M-15,72.85,3.52,7.63,2024-09-24 04:16:11
971,M-9,55.32,3.69,7.51,2024-06-22 12:06:13
972,M-12,84.75,4.49,10.96,2024-03-29 17:07:44
973,M-13,66.97,4.54,7.05,2024-07-19 11:16:52
974,M-6,80.43,4.44,11.88,2024-01-12 06:34:00
975,M-7,64.61,7.94,8.46,2024-07-22 19:58:13
976,M-3,69.84,4.43,12.05,2024-11-03 11:43:39
977,M-19,61.7,6.23,11.45,2024-09-25 05:08:40
978,M-11,70.49,4.13,5.91,2024-02-06 14:25:00
979,M-20,73.75,7.02,5.85,2024-03-26 12:18:05
980,M-14,79.02,6.91,6.75,2024-11-02 05:19:07
981,M-7,79.15,3.98,7.11,2024-03-16 06:54:13
982,M-10,54.14,6.66,10.02,2024-08-18 01:50:38
983,M-19,70.44,4.55,9.57,2024-12-04 10:44:54
984,M-11,72.05,6.24,10.95,2024-10-15 03:46:53
985,M-2,86.81,6.41,6.82,2024-01-08 15:45:20
986,M-17,61.31,5.46,8.71,2024-09-03 14:38:04
987,M-12,77.95,7.5,11.26,2024-11-12 17:36:03
988,M-17,80.91,1.61,11.48,2024-10-04 04:09:23
989,M-4,63.47,3.59,9.15,2024-05-23 19:19:05
990,M-2,51.69,4.47,7.42,2024-02-08 19:57:26
991,M-11,61.45,1.7,9.65,2024-03-17 09:49:19
992,M-9,53.42,3.36,9.73,2024-08-16 22:22:02
993,M-9,52.98,4.2,14.9,2024-12-18 19:01:12
994,M-9,66.13,6.01,8.76,2024-06-22 02:10:04
995,M-14,71.25,7.33,5.97,2024-08-31 20:37:56
996,M-17,75.07,5.29,13.58,2024-12-10 02:19:52
997,M-15,79.54,5.01,10.89,2024-10-10 07:48:04
998,M-15,53.41,5.18,11.72,2024-12-10 03:29:11
999,M-15,78.63,3.09,8.61,2024-07-01 01:36:18
1000,M-15,74.22,1.81,13.73,2024-10-07 00:28:33
1001,M-19,68.07,6.91,9.58,2024-06-29 04:28:38
1002,M-11,79.49,5.24,8.16,2024-02-17 08:59:29
1003,M-4,87.24,4.53,11.14,2024-06-07 01:25:07
1004,M-20,72.51,5.53,10.19,2024-02-11 16:32:15
1005,M-6,46.07,6.08,7.74,2024-12-21 13:48:00
1006,M-4,67.73,3.35,8.39,2024-10-30 14:27:05
1007,M-8,58.69,7.95,9.83,2024-04-21 09:25:40
1008,M-5,56.34,4.93,11.53,2024-10-23 15:38:11
1009,M-7,88.48,3.72,9.02,2024-02-16 20:02:47
1010,M-5,77.59,7.13,9.4,2024-03-27 11:43:37
1011,M-7,79.71,6.62,11.62,2024-08-03 09:38:27
1012,M-16,77.6,5.1,11.37,2024-03-25 09:54:00
1013,M-11,74.6,5.0,9.8,2024-06-02 20:20:49
1014,M-7,97.33,5.05,9.96,2024-03-30 17:50:36
1015,M-11,85.38,6.25,9.76,2024-09-28 07:43:49
1016,M-15,78.48,6.75,9.63,2024-01-01 17:21:46
1017,M-16,65.31,3.5,12.68,2024-06-30 08:11:34
1018,M-2,76.53,9.27,9.85,2024-05-13 11:44:05
1019,M-6,66.75,5.79,9.14,2024-04-09 14:50:51
1020,M-2,73.86,6.52,9.95,2024-01-05 01:43:41
1021,M-6,75.96,5.78,15.3,2024-09-25 12:15:58
1022,M-15,65.26,6.87,8.98,2024-01-29 02:06:02
1023,M-3,56.48,4.82,12.12,2024-02-12 10:02:02
1024,M-3,56.84,4.05,12.23,2024-07-15 04:02:29
1025,M-15,73.67,4.32,7.97,2024-06-29 07:03:17
1026,M-1,75.24,4.86,11.01,2024-12-24 23:38:58
1027,M-1,76.26,6.49,8.39,2024-09-30 03:36:46
1028,M-16,59.04,5.99,6.43,2024-11-02 15:25:22
1029,M-14,76.67,7.67,10.73,2024-02-22 00:45:26
1030,M-17,69.83,5.54,10.1,2024-05-20 18:04:43
1031,M-3,58.95,6.84,10.9,2024-09-11 10:03:29
1032,M-14,78.2,3.56,8.66,2024-08-21 07:41:58
1033,M-8,70.72,4.1,12.75,2024-12-06 16:46:37
1034,M-5,75.0,5.04,9.24,2024-06-22 07:37:00
1035,M-2,63.19,5.63,11.09,2024-02-19 08:52:01
1036,M-19,51.51,7.64,7.16,2024-05-30 09:05:52
1037,M-14,73.18,2.02,11.24,2024-01-24 18:58:49
1038,M-8,56.77,4.91,9.91,2024-11-09 20:09:54
1039,M-11,58.13,4.72,14.29,2024-07-07 16:07:30
1040,M-10,72.33,5.56,8.7,2024-04-06 01:33:38
1041,M-16,54.3,3.64,9.27,2024-05-29 07:01:12
1042,M-14,64.28,5.11,12.02,2024-08-16 15:31:12
1043,M-13,69.65,4.45,8.75,2024-07-10 22:41:08
1044,M-2,70.45,4.32,11.15,2024-05-07 22:26:33
1045,M-17,86.12,4.43,12.28,2024-02-17 10:39:28
1046,M-1,69.84,5.96,9.21,2024-07-01 13:40:43
1047,M-11,53.64,4.96,9.55,2024-11-22 05:07:49
1048,M-2,83.37,6.43,9.03,2024-05-11 03:30:22
1049,M-20,75.61,2.67,10.39,2024-12-17 06:37:49
1050,M-14,64.72,4.91,10.79,2024-02-02 02:18:34
1051,M-7,72.71,2.99,8.73,2024-11-23 06:19:49
1052,M-8,52.31,3.81,9.75,2024-10-13 09:30:35
1053,M-11,69.84,3.5,12.72,2024-05-01 21:59:11
1054,M-1,68.32,7.02,10.95,2024-03-06 21:28:53
1055,M-1,71.05,5.01,9.05,2024-01-28 17:36:18
1056,M-4,69.83,4.69,9.5,2024-05-22 01:55:34
1057,M-2,53.21,4.32,11.56,2024-02-21 10:29:44
1058,M-14,60.08,5.49,10.3,2024-10-19 11:04:28
1059,M-16,50.98,6.52,11.42,2024-07-18 12:02:44
1060,M-16,79.81,5.32,9.39,2024-10-12 15:05:58
1061,M-12,63.95,5.52,14.68,2024-05-25 07:58:02
1062,M-4,56.5,5.25,11.54,2024-01-30 08:53:12
1063,M-19,73.76,2.12,7.44,2024-04-21 09:36:33
1064,M-13,64.54,2.52,15.38,2024-08-04 06:37:28
1065,M-19,67.21,4.5,11.0,2024-03-16 09:36:45
1066,M-11,67.64,4.34,10.25,2024-11-04 13:47:48
1067,M-1,74.75,5.5,8.32,2024-07-18 19:11:17
1068,M-13,66.81,6.31,11.86,2024-10-14 11:52:11
1069,M-9,76.12,3.99,10.77,2024-04-09 17:01:51
1070,M-14,67.19,5.89,10.29,2024-04-12 12:23:51
1071,M-20,69.7,4.5,10.11,2024-10-17 04:53:14
1072,M-3,62.67,4.77,16.13,2024-04-30 07:36:59
1073,M-16,50.65,3.08,10.5,2024-06-03 21:51:33
1074,M-18,89.92,4.99,11.8,2024-11-25 00:00:32
1075,M-17,87.36,7.08,9.87,2024-06-17 03:37:27
1076,M-13,68.32,2.45,10.47,2024-05-12 07:50:26
1077,M-4,65.76,4.63,9.17,2024-04-03 05:55:20
1078,M-16,72.87,5.11,14.53,2024-12-29 18:09:57
1079,M-4,58.32,5.02,9.71,2024-05-06 07:38:58
1080,M-13,57.97,7.34,10.36,2024-02-09 05:35:44
1081,M-4,67.87,6.07,11.61,2024-11-29 18:23:39
1082,M-16,64.52,4.66,10.44,2024-10-22 06:55:11
1083,M-14,70.99,6.67,12.61,2024-09-15 20:15:55
1084,M-17,55.72,4.24,14.61,2024-06-23 19:08:08
1085,M-20,70.93,4.32,10.85,2024-02-16 06:20:35
1086,M-1,71.31,6.86,12.14,2024-03-05 17:06:26
1087,M-4,62.71,7.59,6.75,2024-02-29 09:00:05
1088,M-20,79.21,6.03,7.78,2024-12-21 15:23:15
1089,M-16,74.45,3.37,8.08,2024-02-10 21:00:35
1090,M-10,81.55,2.72,8.66,2024-06-25 02:46:27
1091,M-2,80.82,6.45,8.68,2024-08-26 14:51:16
1092,M-20,79.96,6.72,9.81,2024-01-18 15:58:29
1093,M-14,57.24,3.94,11.85,2024-01-28 04:24:37
1094,M-20,73.11,7.16,9.83,2024-04-14 22:09:49
1095,M-9,72.69,4.27,6.76,2024-04-05 16:57:53
1096,M-1,83.18,2.81,10.78,2024-06-30 08:58:37
1097,M-16,72.64,5.08,11.81,2024-03-23 12:02:03
1098,M-8,57.14,5.58,4.55,2024-12-10 16:16:39
1099,M-12,64.64,3.32,11.17,2024-06-24 20:12:47
1100,M-19,81.64,6.49,8.51,2024-08-29 13:58:21
1101,M-15,70.92,4.5,12.01,2024-08-01 19:17:58
1102,M-13,67.78,6.34,9.49,2024-05-25 08:17:16
1103,M-4,57.65,5.73,10.5,2024-03-19 19:06:12
1104,M-10,57.35,2.98,12.04,2024-06-24 15:41:04
1105,M-20,51.61,3.16,10.43,2024-05-22 23:58:15
1106,M-20,83.92,5.43,8.78,2024-08-03 10:37:09
1107,M-2,82.75,4.59,7.47,2024-06-19 20:05:46
1108,M-11,63.52,6.91,8.84,2024-12-06 01:26:43
1109,M-10,74.23,5.1,8.87,2024-03-30 07:41:23
1110,M-18,74.91,3.74,10.01,2024-01-10 23:54:09
1111,M-8,79.65,7.89,11.08,2024-09-16 08:59:13
1112,M-19,62.88,3.88,13.7,2024-04-07 05:34:46
1113,M-13,52.99,3.68,12.83,2024-11-10 15:40:49
1114,M-19,81.0,3.05,11.22,2024-05-26 05:53:12
1115,M-1,69.53,6.96,8.65,2024-01-22 20:15:58
1116,M-14,83.82,6.24,8.61,2024-05-20 01:02:01
1117,M-15,79.14,4.25,9.38,2024-10-02 05:42:27
1118,M-18,71.98,2.97,10.77,2024-04-09 23:26:22
1119,M-19,72.99,5.86,10.55,2024-02-29 04:52:02
1120,M-5,95.35,6.99,8.12,2024-08-20 04:49:21
1121,M-20,80.74,4.36,9.52,2024-09-21 13:09:33
1122,M-16,84.7,3.61,7.99,2024-03-27 22:47:25
1123,M-10,54.42,4.63,10.6,2024-01-31 08:19:02
1124,M-18,66.02,5.15,6.14,2024-11-19 09:05:51
1125,M-2,79.79,5.06,11.32,2024-11-02 13:17:14
1126,M-10,71.29,5.1,13.5,2024-10-29 07:02:12
1127,M-1,74.09,4.07,13.14,2024-05-26 13:55:26
1128,M-5,78.65,4.62,10.22,2024-01-01 21:25:25
1129,M-11,54.46,6.94,5.06,2024-01-24 17:33:12
1130,M-2,63.34,5.65,8.75,2024-10-10 17:59:52
1131,M-8,69.34,8.76,7.25,2024-12-23 00:23:58
1132,M-1,66.23,5.14,8.77,2024-03-07 17:00:21
1133,M-6,69.84,4.49,10.14,2024-06-26 22:19:29
1134,M-9,69.84,5.79,14.8,2024-09-15 10:08:52
1135,M-8,89.03,7.15,12.26,2024-03-10 10:45:35
1136,M-13,86.35,4.99,8.37,2024-07-03 03:25:25
1137,M-8,66.72,5.28,14.57,2024-02-01 22:35:17
1138,M-17,69.77,6.99,9.61,2024-07-21 04:23:02
1139,M-20,79.46,5.47,10.87,2024-03-20 07:21:39
1140,M-11,57.18,4.66,6.21,2024-06-12 08:16:58
1141,M-20,71.58,3.04,9.17,2024-07-03 09:37:57
1142,M-19,70.73,5.31,9.86,2024-08-15 19:06:35
1143,M-5,89.62,2.46,11.82,2024-04-24 08:39:18
1144,M-4,68.08,3.37,14.38,2024-03-17 00:31:15
1145,M-8,76.43,3.99,9.51,2024-05-26 03:37:43
1146,M-15,77.39,3.05,9.46,2024-05-18 02:05:12
1147,M-17,77.83,3.94,10.07,2024-10-27 17:22:58
1148,M-13,81.7,4.46,9.01,2024-10-11 04:46:55
1149,M-12,60.01,4.42,10.23,2024-08-16 02:44:14
1150,M-5,75.81,4.76,10.66,2024-03-31 07:31:10
1151,M-15,58.95,6.05,8.58,2024-07-01 07:49:44
1152,M-6,72.68,3.38,11.78,2024-03-26 10:49:58
1153,M-18,71.04,6.89,11.71,2024-05-14 15:44:54
1154,M-10,67.82,2.96,8.32,2024-07-12 20:48:46
1155,M-12,71.11,3.03,11.54,2024-06-23 06:39:32
1156,M-1,87.21,2.98,7.86,2024-09-12 06:45:55
1157,M-17,65.6,5.9,11.41,2024-12-23 05:16:01
1158,M-9,61.09,4.35,9.42,2024-09-28 02:18:49
1159,M-16,67.73,4.28,8.66,2024-01-11 19:21:10
1160,M-2,66.72,4.71,10.52,2024-05-29 12:07:21
1161,M-4,71.93,6.73,10.22,2024-07-14 05:21:11
1162,M-6,64.87,6.89,10.49,2024-02-09 09:43:01
1163,M-1,70.95,6.0,7.84,2024-12-08 16:43:46
1164,M-13,85.25,4.46,14.47,2024-07-21 01:50:39
1165,M-18,60.7,3.87,10.46,2024-03-01 11:35:30
1166,M-3,74.27,5.08,13.5,2024-09-07 16:28:13
1167,M-11,71.89,6.86,12.2,2024-07-16 20:32:28
1168,M-11,78.21,3.25,10.3,2024-09-30 23:30:52
1169,M-3,70.96,5.2,8.8,2024-08-07 12:04:04
1170,M-5,59.42,6.35,11.24,2024-02-18 00:56:12
1171,M-13,80.89,5.53,10.35,2024-07-09 18:31:44
1172,M-5,68.78,6.52,12.57,2024-02-02 17:43:58
1173,M-10,66.07,4.58,9.81,2024-09-18 01:26:30
1174,M-18,72.44,8.88,8.76,2024-12-30 11:22:21
1175,M-2,65.32,3.9,8.84,2024-08-20 05:26:44
1176,M-19,71.55,4.91,9.98,2024-01-22 01:57:20
1177,M-4,82.61,6.12,7.98,2024-02-23 23:44:35
1178,M-15,69.84,5.3,12.35,2024-10-12 12:44:19
1179,M-17,75.21,3.98,7.47,2024-06-25 14:57:44
1180,M-5,58.97,5.44,10.48,2024-04-02 16:13:31
1181,M-16,60.63,7.16,10.77,2024-08-01 22:42:56
1182,M-4,67.72,4.93,10.85,2024-02-15 15:30:40
1183,M-7,69.84,4.33,8.31,2024-01-01 01:29:17
1184,M-5,75.97,6.2,8.42,2024-07-19 09:46:37
1185,M-10,61.7,8.18,11.79,2024-03-25 00:14:59
1186,M-8,63.54,4.46,8.64,2024-07-15 06:24:01
1187,M-1,83.57,4.24,9.52,2024-01-30 01:35:29
1188,M-2,60.99,6.19,10.65,2024-01-31 14:14:38
1189,M-9,70.32,5.02,11.53,2024-09-13 04:08:59
1190,M-4,78.58,3.6,7.8,2024-01-19 03:20:35
1191,M-6,77.74,5.95,14.5,2024-06-24 00:00:21
1192,M-15,63.03,3.81,7.32,2024-05-25 02:31:30
1193,M-17,72.77,3.8,5.18,2024-06-12 23:08:07
1194,M-11,57.92,7.69,10.94,2024-03-17 08:53:14
1195,M-5,82.76,3.64,8.64,2024-05-13 15:14:58
1196,M-6,81.32,2.86,13.75,2024-10-25 19:45:32
1197,M-11,62.41,7.11,8.55,2024-10-11 02:32:58
1198,M-13,61.62,5.99,9.36,2024-03-17 19:57:46
1199,M-5,82.02,4.76,9.01,2024-01-05 21:01:26
1200,M-19,64.06,5.53,11.57,2024-03-20 16:01:04
1201,M-15,67.69,5.61,7.86,2024-11-30 14:54:13
1202,M-9,66.61,8.57,9.28,2024-12-10 19:01:21
1203,M-9,85.19,4.33,9.03,2024-10-15 23:16:41
1204,M-20,69.17,3.29,9.09,2024-07-23 08:43:56
1205,M-18,66.33,5.12,11.85,2024-07-24 20:58:58
1206,M-6,72.54,3.53,10.78,2024-10-28 09:09:00
1207,M-5,91.18,4.31,9.0,2024-04-26 09:19:12
1208,M-20,74.96,3.85,10.26,2024-10-25 06:01:23
1209,M-12,81.36,3.92,11.62,2024-08-26 09:58:05
1210,M-5,67.93,5.3,9.37,2024-01-14 14:44:08
1211,M-8,71.49,4.59,10.97,2024-10-09 08:19:38
1212,M-1,60.38,6.42,12.74,2024-12-14 05:33:10
1213,M-4,82.29,2.44,11.49,2024-05-29 18:05:08
1214,M-7,62.02,5.38,11.21,2024-07-06 14:04:25
1215,M-10,85.1,3.95,8.72,2024-11-03 14:05:25
1216,M-1,71.45,5.45,8.0,2024-10-14 17:28:43
1217,M-10,82.37,3.66,10.69,2024-10-20 14:26:44
1218,M-11,65.42,3.42,10.64,2024-03-06 01:07:03
1219,M-4,62.72,5.67,9.49,2024-07-25 07:42:08
1220,M-10,65.87,4.61,11.52,2024-06-12 05:37:40
1221,M-15,82.93,5.22,14.33,2024-09-22 15:09:29
1222,M-18,58.38,6.24,5.53,2024-01-19 23:20:09
1223,M-6,69.94,4.66,8.82,2024-07-24 06:52:26
1224,M-15,78.36,4.25,12.48,2024-09-12 06:00:26
1225,M-4,75.19,5.24,8.8,2024-04-17 03:33:18
1226,M-3,68.0,6.46,10.34,2024-12-30 21:56:57
1227,M-12,66.71,4.69,10.19,2024-02-27 13:35:59
1228,M-13,86.56,5.74,7.06,2024-07-16 09:31:51
1229,M-6,57.43,3.39,12.57,2024-02-10 17:26:31
1230,M-6,77.83,5.72,6.6,2024-04-19 03:07:33
1231,M-7,44.62,6.23,10.28,2024-02-16 01:45:25
1232,M-3,69.46,8.05,9.58,2024-08-23 09:42:35
1233,M-1,66.91,7.24,8.32,2024-09-20 20:25:39
1234,M-3,68.09,5.02,8.47,2024-02-08 15:15:49
1235,M-13,76.83,4.12,9.66,2024-04-07 18:04:08
1236,M-3,63.79,6.96,10.73,2024-02-20 08:00:37
1237,M-5,66.33,5.73,10.89,2024-09-10 05:25:29
1238,M-8,85.41,6.89,11.05,2024-06-12 21:30:50
1239,M-15,78.84,1.99,10.68,2024-01-27 21:40:56
1240,M-2,77.88,4.83,9.88,2024-07-07 10:26:46
1241,M-14,68.02,4.59,12.98,2024-07-25 18:22:54
1242,M-15,85.27,5.24,7.06,2024-03-19 11:01:27
1243,M-4,96.62,4.0,10.28,2024-06-03 21:24:08
1244,M-1,68.25,4.0,10.69,2024-04-21 23:25:02
1245,M-13,63.24,4.35,6.18,2024-11-14 10:29:53
1246,M-11,69.68,3.86,11.07,2024-09-19 03:47:00
1247,M-7,80.72,4.14,8.66,2024-10-07 02:55:03
1248,M-8,67.98,3.88,14.11,2024-03-26 16:40:21
1249,M-19,53.86,3.62,9.34,2024-06-19 10:33:17
1250,M-14,72.18,4.35,5.35,2024-03-16 13:27:30
1251,M-12,68.46,6.67,6.32,2024-11-18 02:12:48
1252,M-15,78.52,4.07,9.73,2024-02-04 20:21:52
1253,M-18,73.73,4.28,10.55,2024-02-23 21:24:54
1254,M-12,57.66,5.33,9.7,2024-04-28 01:13:08
1255,M-5,74.27,3.79,9.16,2024-07-24 01:12:44
1256,M-13,58.77,2.85,13.86,2024-03-29 10:44:37
1257,M-3,59.86,4.94,12.0,2024-12-03 01:11:34
1258,M-10,75.85,6.08,10.74,2024-04-05 16:42:07
1259,M-14,78.09,2.74,9.72,2024-11-27 01:10:43
1260,M-10,52.95,5.15,8.39,2024-02-25 19:56:47
1261,M-10,76.02,4.93,9.56,2024-05-29 14:40:03
1262,M-4,64.76,4.12,12.23,2024-06-03 15:35:12
1263,M-7,62.25,6.62,10.08,2024-05-16 00:15:47
1264,M-14,75.53,4.65,10.0,2024-06-21 16:31:02
1265,M-11,85.33,4.67,5.4,2024-09-30 14:27:12
1266,M-15,88.79,7.75,11.98,2024-10-27 03:24:30
1267,M-10,84.84,4.69,11.0,2024-10-14 13:25:10
1268,M-7,58.04,2.74,7.09,2024-03-19 06:44:56
1269,M-16,53.74,8.67,12.72,2024-07-06 02:09:50
1270,M-10,49.45,7.38,14.48,2024-08-29 02:22:02
1271,M-13,83.33,6.49,7.73,2024-02-04 22:25:48
1272,M-20,50.93,5.43,11.91,2024-05-05 20:25:43
1273,M-3,67.0,6.68,7.63,2024-05-10 20:17:12
1274,M-4,65.82,4.7,11.29,2024-01-16 02:01:07
1275,M-15,64.34,6.47,8.15,2024-02-25 02:04:22
1276,M-3,76.49,6.81,12.56,2024-03-05 18:35:32
1277,M-19,56.09,5.48,8.58,2024-04-01 14:48:50
1278,M-15,76.79,4.6,9.65,2024-10-31 09:17:41
1279,M-14,76.35,4.57,10.1,2024-04-10 04:52:19
1280,M-9,67.41,4.07,7.74,2024-07-29 14:33:37
1281,M-16,58.27,4.51,8.25,2024-07-15 00:50:11
1282,M-9,65.32,4.11,12.77,2024-12-01 18:16:02
1283,M-13,71.51,5.21,10.82,2024-01-17 07:35:47
1284,M-4,54.5,5.2,8.2,2024-11-26 08:04:44
1285,M-8,39.46,4.46,11.08,2024-01-09 00:02:43
1286,M-17,71.39,5.52,6.04,2024-05-15 15:11:30
1287,M-6,71.56,8.22,9.1,2024-09-21 10:15:45
1288,M-17,55.93,5.43,11.06,2024-08-09 16:35:25
1289,M-14,68.46,4.89,9.45,2024-08-19 19:20:41
1290,M-7,74.91,5.99,15.74,2024-12-13 01:13:42
1291,M-1,59.35,2.48,9.52,2024-03-13 20:22:33
1292,M-16,77.41,6.77,13.05,2024-05-14 20:57:48
1293,M-13,74.62,5.3,11.94,2024-06-26 00:03:27
1294,M-11,85.32,4.46,10.89,2024-09-26 11:28:19
1295,M-13,60.81,6.24,8.95,2024-05-03 12:11:15
1296,M-4,88.31,4.87,13.76,2024-10-27 08:00:07
1297,M-18,55.4,3.68,10.41,2024-03-15 02:15:55
1298,M-3,58.58,4.74,11.38,2024-05-31 12:13:04
1299,M-13,67.5,3.76,14.76,2024-06-23 13:27:40
1300,M-5,74.06,5.15,15.52,2024-04-29 00:45:57
1301,M-10,67.51,4.69,9.62,2024-12-20 23:01:02
1302,M-14,70.69,4.98,12.5,2024-05-07 18:26:07
1303,M-17,71.94,3.17,8.94,2024-06-05 04:41:02
1304,M-5,89.55,3.55,10.93,2024-03-07 21:11:15
1305,M-10,60.94,7.4,10.19,2024-08-15 21:19:18
1306,M-11,50.28,8.48,12.54,2024-09-09 16:42:05
1307,M-15,71.17,6.62,14.01,2024-09-26 17:22:57
1308,M-15,91.35,6.64,10.82,2024-10-07 05:12:15
1309,M-10,66.86,7.4,9.72,2024-03-26 04:24:02
1310,M-19,77.05,6.76,10.39,2024-01-21 03:40:12
1311,M-16,65.83,6.62,9.16,2024-05-09 04:31:50
1312,M-20,77.61,3.01,13.28,2024-02-08 20:45:23
1313,M-20,73.67,5.12,8.88,2024-10-24 18:23:46
1314,M-5,67.94,4.66,9.36,2024-02-24 03:02:57
1315,M-6,76.41,6.01,10.86,2024-04-20 22:29:45
1316,M-9,78.18,5.77,8.78,2024-12-16 11:56:41
1317,M-17,59.87,5.11,14.25,2024-04-28 23:13:01
1318,M-1,63.08,9.06,10.47,2024-01-29 09:51:41
1319,M-14,84.08,6.73,7.29,2024-09-14 07:05:25
1320,M-1,58.41,4.28,9.85,2024-04-18 00:34:19
1321,M-9,71.04,5.18,10.83,2024-10-29 19:34:53
1322,M-18,57.57,6.74,9.9,2024-10-18 15:48:21
1323,M-16,83.13,4.73,13.4,2024-07-29 22:46:01
1324,M-12,63.36,7.13,10.97,2024-04-08 11:06:45
1325,M-7,60.27,5.82,8.6,2024-03-13 08:48:38
1326,M-14,74.0,5.83,9.05,2024-12-23 00:27:39
1327,M-1,79.64,5.24,9.94,2024-08-05 17:40:10
1328,M-15,64.02,6.34,10.45,2024-12-16 14:55:00
1329,M-14,70.29,3.57,13.45,2024-07-06 07:06:46
1330,M-7,80.1,4.14,9.17,2024-07-09 07:22:21
1331,M-3,65.13,3.88,7.59,2024-06-02 20:35:22
1332,M-3,75.51,5.02,4.59,2024-02-05 17:01:54
1333,M-8,87.31,4.53,10.85,2024-06-08 08:11:43
1334,M-10,58.67,4.58,8.84,2024-06-23 07:49:39
1335,M-13,70.29,4.89,9.59,2024-03-10 20:01:42
1336,M-7,65.31,4.37,7.52,2024-11-14 16:35:43
1337,M-14,66.17,2.15,10.2,2024-09-17 20:20:34
1338,M-12,74.65,5.05,8.38,2024-04-28 12:49:14
1339,M-19,58.01,3.64,11.14,2024-05-14 20:42:42
1340,M-15,77.49,5.0,9.01,2024-02-13 14:55:38
1341,M-14,58.33,3.86,11.49,2024-02-10 14:07:15
1342,M-12,57.01,6.52,11.95,2024-09-15 18:40:29
1343,M-13,71.88,5.04,9.26,2024-03-11 21:56:48
1344,M-4,66.78,6.65,11.84,2024-02-04 19:36:54
1345,M-8,76.72,4.67,10.28,2024-08-27 17:50:16
1346,M-3,62.94,3.08,7.65,2024-10-08 23:32:23
1347,M-10,62.43,5.76,7.54,2024-07-04 10:05:48
1348,M-17,72.89,3.87,11.65,2024-10-30 13:56:10
1349,M-4,63.83,4.12,12.13,2024-10-09 12:14:12
1350,M-19,74.3,8.1,12.79,2024-04-12 17:13:02
1351,M-15,63.99,5.97,11.53,2024-02-18 03:05:59
1352,M-14,72.25,6.6,9.51,2024-08-09 14:13:04
1353,M-12,55.48,4.45,9.03,2024-12-17 18:22:40
1354,M-19,91.0,3.29,12.3,2024-06-12 02:39:35
1355,M-14,86.58,4.58,8.92,2024-01-24 03:36:29
1356,M-6,71.61,7.86,10.93,2024-09-24 08:10:54
1357,M-8,82.79,5.0,9.25,2024-09-07 04:51:19
1358,M-19,67.59,5.62,8.59,2024-07-31 22:57:56
1359,M-17,85.07,7.18,11.83,2024-03-15 10:54:16
1360,M-18,72.8,2.01,9.56,2024-01-09 03:05:29
1361,M-14,70.03,6.77,6.31,2024-03-21 07:58:41
1362,M-11,62.19,5.87,4.01,2024-06-14 22:09:59
1363,M-9,64.95,5.11,9.82,2024-01-23 23:39:45
1364,M-13,85.05,5.42,9.48,2024-11-01 04:14:43
1365,M-11,78.15,4.72,12.68,2024-12-05 17:11:34
1366,M-16,75.3,6.85,12.68,2024-03-19 07:01:25
1367,M-15,64.72,1.64,12.18,2024-09-16 08:05:30
1368,M-2,75.63,4.01,8.65,2024-01-05 07:38:24
1369,M-16,71.7,4.3,11.93,2024-06-16 18:03:47
1370,M-19,78.43,4.08,11.6,2024-07-11 11:48:25
1371,M-17,75.23,6.21,10.12,2024-10-15 08:50:00
1372,M-7,64.35,3.58,13.71,2024-06-03 07:59:15
1373,M-2,61.88,2.91,7.23,2024-05-29 06:45:10
1374,M-6,58.07,7.5,12.8,2024-07-20 01:11:01
1375,M-2,71.73,3.49,11.4,2024-03-27 09:19:28
1376,M-12,43.33,4.29,8.14,2024-07-11 13:24:18
1377,M-10,73.0,5.15,8.86,2024-05-23 10:34:29
1378,M-3,67.2,2.22,12.53,2024-03-22 13:49:30
1379,M-7,64.4,7.91,10.46,2024-10-31 17:43:44
1380,M-8,79.17,4.87,7.08,2024-05-12 05:11:01
1381,M-16,73.23,5.12,9.9,2024-04-01 14:08:10
1382,M-10,65.41,6.57,8.9,2024-12-09 17:12:13
1383,M-15,62.48,5.32,7.93,2024-03-31 09:53:40
1384,M-18,63.36,4.87,8.05,2024-04-22 16:38:10
1385,M-14,72.07,5.69,11.31,2024-02-17 22:35:09
1386,M-18,63.61,3.34,10.73,2024-11-28 05:13:42
1387,M-3,69.83,5.51,6.83,2024-09-15 08:53:42
1388,M-2,68.69,3.01,9.1,2024-10-14 03:43:37
1389,M-3,71.64,4.11,11.37,2024-04-27 21:03:39
1390,M-6,79.78,7.03,11.31,2024-09-10 05:25:55
1391,M-7,62.72,1.24,13.27,2024-08-14 04:53:04
1392,M-3,66.83,5.32,8.45,2024-09-01 10:51:43
1393,M-13,46.88,5.01,8.91,2024-02-12 03:45:55
1394,M-5,69.95,6.25,6.95,2024-08-03 11:15:38
1395,M-17,74.8,6.35,12.01,2024-12-27 05:27:25
1396,M-10,84.28,8.49,12.65,2024-05-27 12:19:19
1397,M-12,68.18,2.72,11.21,2024-03-05 17:31:12
1398,M-3,87.61,4.51,12.95,2024-07-23 23:32:59
1399,M-5,78.31,6.45,9.73,2024-06-14 18:08:45
1400,M-18,70.67,4.24,8.73,2024-03-01 19:01:46
1401,M-11,78.91,0.36,9.3,2024-12-21 05:02:29
1402,M-14,78.45,3.65,12.78,2024-03-22 04:37:08
1403,M-8,68.35,5.67,4.28,2024-10-13 07:50:49
1404,M-4,75.7,5.28,8.88,2024-05-27 05:38:14
1405,M-2,75.21,5.86,13.21,2024-06-10 12:54:01
1406,M-3,76.78,4.35,7.83,2024-05-29 16:37:54
1407,M-16,83.84,4.27,13.4,2024-02-27 01:43:01
1408,M-11,63.69,5.96,13.87,2024-06-29 03:47:45
1409,M-2,50.13,4.66,13.3,2024-08-14 03:48:17
1410,M-13,57.88,4.82,10.2,2024-02-13 13:14:58
1411,M-9,77.91,4.36,12.29,2024-02-26 19:51:29
1412,M-12,57.02,3.78,11.07,2024-06-05 16:46:19
1413,M-15,68.02,4.83,10.18,2024-12-26 10:46:24
1414,M-8,83.26,4.38,9.6,2024-12-17 06:45:26
1415,M-9,68.78,7.14,10.87,2024-01-19 05:44:48
1416,M-6,74.15,5.54,8.65,2024-02-19 07:52:50
1417,M-15,63.12,4.8,9.47,2024-12-03 06:08:53
1418,M-6,76.66,6.05,13.44,2024-09-10 06:41:23
1419,M-6,89.08,5.84,10.22,2024-12-06 00:36:28
1420,M-15,68.18,6.86,8.93,2024-01-23 18:24:12
1421,M-12,76.94,4.04,11.08,2024-08-24 23:46:59
1422,M-5,64.85,4.01,8.36,2024-05-01 06:09:02
1423,M-20,68.66,3.99,8.46,2024-02-15 06:25:30
1424,M-13,72.8,3.39,10.59,2024-11-19 09:39:41
1425,M-18,66.3,4.05,10.86,2024-09-12 07:10:33
1426,M-3,69.96,3.88,11.13,2024-04-27 03:09:47
1427,M-7,86.26,5.99,10.29,2024-05-04 04:00:42
1428,M-10,54.04,3.15,12.36,2024-07-05 16:53:26
1429,M-12,70.24,3.98,10.38,2024-04-09 12:04:43
1430,M-9,56.86,4.44,11.36,2024-04-20 12:55:17
1431,M-18,66.09,4.71,9.06,2024-12-10 22:54:06
1432,M-8,82.91,6.2,9.69,2024-01-05 21:12:59
1433,M-4,72.76,4.42,12.5,2024-05-26 20:46:04
1434,M-18,73.09,4.55,8.58,2024-07-16 09:38:35
1435,M-11,58.29,4.34,10.94,2024-09-03 10:34:31
1436,M-13,67.76,6.13,13.09,2024-03-10 14:43:03
1437,M-8,68.49,5.25,7.61,2024-12-17 07:24:07
1438,M-20,69.09,4.34,8.4,2024-09-16 22:58:40
1439,M-11,73.42,3.79,9.43,2024-05-09 12:00:44
1440,M-1,80.89,6.46,10.62,2024-08-23 09:47:08
1441,M-1,62.65,5.75,8.36,2024-03-05 05:01:15
1442,M-15,64.61,7.22,10.24,2024-04-26 05:21:29
1443,M-14,77.94,6.81,9.22,2024-08-01 21:24:39
1444,M-12,69.94,3.53,8.55,2024-02-27 04:27:08
1445,M-10,75.24,3.09,8.25,2024-03-10 00:51:46
1446,M-16,62.15,7.34,9.59,2024-03-04 06:56:10
1447,M-8,75.57,5.72,11.09,2024-08-09 00:50:58
1448,M-19,54.99,4.66,9.18,2024-07-18 07:22:50
1449,M-8,90.5,4.52,7.45,2024-12-26 21:28:31
1450,M-10,53.15,2.98,11.33,2024-04-06 00:21:02
1451,M-7,69.98,4.3,9.18,2024-03-17 08:32:42
1452,M-12,73.53,5.99,10.7,2024-05-01 01:46:57
1453,M-18,83.3,3.49,10.01,2024-12-08 07:58:34
1454,M-16,65.56,3.9,9.81,2024-08-19 14:55:56
1455,M-19,73.79,5.22,10.65,2024-09-15 00:18:43
1456,M-12,87.66,7.62,12.89,2024-01-06 11:44:20
1457,M-13,67.16,6.45,11.51,2024-07-22 02:22:19
1458,M-3,70.79,4.73,10.5,2024-08-27 02:26:11
1459,M-1,73.95,3.77,11.71,2024-01-20 05:33:44
1460,M-19,78.57,5.55,8.04,2024-08-10 21:02:20
1461,M-1,73.2,5.05,9.61,2024-05-17 17:12:51
1462,M-19,62.29,5.14,11.14,2024-11-24 16:31:00
1463,M-18,69.59,5.37,9.61,2024-07-14 01:11:47
1464,M-13,82.33,6.88,13.43,2024-03-09 16:18:01
1465,M-11,49.45,4.91,10.14,2024-09-12 03:38:11
1466,M-16,61.99,5.31,7.87,2024-05-16 13:19:16
1467,M-7,65.04,7.54,8.92,2024-05-20 07:12:57
1468,M-14,74.06,1.44,10.75,2024-03-29 22:23:37
1469,M-18,94.04,5.31,10.01,2024-09-28 00:57:34
1470,M-20,87.03,2.0,10.04,2024-11-30 20:24:32
1471,M-7,95.01,5.17,10.35,2024-03-12 11:01:03
1472,M-16,65.58,5.29,6.66,2024-04-02 20:14:09
1473,M-2,73.8,5.92,7.52,2024-06-18 03:33:32
1474,M-16,88.17,4.01,9.97,2024-06-20 14:01:57
1475,M-7,62.2,7.5,8.89,2024-09-22 11:25:00
1476,M-11,65.05,3.14,12.56,2024-04-24 01:53:26
1477,M-16,51.37,5.41,9.49,2024-07-06 19:32:29
1478,M-1,88.52,3.33,9.55,2024-12-26 09:19:55
1479,M-9,61.39,5.99,11.46,2024-12-11 02:51:26
1480,M-10,57.28,5.18,11.25,2024-06-28 09:02:22
1481,M-5,70.68,5.61,11.35,2024-07-15 22:47:12
1482,M-15,64.33,4.77,11.26,2024-04-22 23:49:26
1483,M-20,66.41,6.12,13.93,2024-02-02 07:09:15
1484,M-7,72.5,4.31,10.34,2024-06-28 03:59:01
1485,M-10,68.99,6.79,11.98,2024-02-03 15:54:09
1486,M-18,89.18,7.1,9.34,2024-10-25 14:02:29
1487,M-16,74.22,3.63,8.99,2024-11-22 00:01:30
1488,M-20,54.7,4.69,9.4,2024-02-11 21:39:25
1489,M-6,69.84,2.23,12.7,2024-07-12 10:31:00
1490,M-7,70.47,1.61,9.99,2024-04-27 18:24:41
1491,M-10,69.6,4.05,9.71,2024-10-13 16:57:47
1492,M-13,75.31,5.21,9.5,2024-06-09 17:17:29
1493,M-11,81.46,6.51,8.17,2024-05-29 01:44:22
1494,M-1,52.02,4.95,12.2,2024-06-26 04:58:36
1495,M-4,70.72,4.75,9.22,2024-01-16 17:43:46
1496,M-10,59.99,6.66,6.72,2024-06-11 15:03:54
1497,M-12,67.13,6.51,9.7,2024-12-30 00:29:57
1498,M-7,64.89,5.09,9.14,2024-10-29 02:50:33
1499,M-19,77.8,8.06,12.82,2024-05-21 16:05:18
1500,M-5,77.45,7.45,8.6,2024-09-19 06:52:16
1501,M-6,75.43,2.5,11.89,2024-04-06 00:18:14
1502,M-14,69.73,5.56,11.71,2024-06-12 07:13:51
1503,M-10,65.41,5.73,5.54,2024-11-08 05:21:55
1504,M-4,61.47,7.14,10.2,2024-06-27 00:04:05
1505,M-12,57.46,3.47,10.15,2024-03-10 04:12:40
1506,M-19,91.42,5.2,9.26,2024-07-14 19:06:44
1507,M-5,63.11,4.18,9.54,2024-02-23 12:07:05
1508,M-4,72.48,6.89,12.61,2024-03-13 11:23:41
1509,M-10,62.17,3.59,11.81,2024-04-13 08:30:59
1510,M-9,75.09,7.92,7.36,2024-07-22 09:22:38
1511,M-17,62.07,3.36,10.82,2024-09-05 14:10:29
1512,M-14,64.32,5.2,10.53,2024-01-17 11:45:52
1513,M-9,69.42,2.91,10.9,2024-04-24 16:50:19
1514,M-15,72.2,4.69,10.63,2024-12-02 21:30:35
1515,M-10,62.69,4.9,4.46,2024-05-12 17:16:10
1516,M-18,58.75,6.37,12.23,2024-01-15 12:02:45
1517,M-11,54.3,5.7,9.33,2024-09-22 16:19:05
1518,M-9,69.75,4.36,9.68,2024-04-19 20:07:24
1519,M-1,77.81,3.22,10.79,2024-02-07 00:27:47
1520,M-8,78.01,6.13,8.73,2024-02-19 02:35:29
1521,M-11,77.62,3.2,10.1,2024-04-27 15:32:32
1522,M-8,72.42,5.7,8.57,2024-05-26 18:18:10
1523,M-11,62.36,4.45,8.05,2024-05-08 03:36:52
1524,M-7,75.0,7.19,12.4,2024-09-06 03:09:42
1525,M-14,68.28,4.48,9.42,2024-08-14 20:23:38
1526,M-9,52.79,2.22,9.28,2024-11-08 00:36:49
1527,M-11,61.27,5.14,9.69,2024-12-03 15:54:25
1528,M-1,53.95,2.9,10.95,2024-01-28 08:53:34
1529,M-10,84.94,4.41,12.21,2024-02-06 21:09:21
1530,M-10,68.66,9.55,12.16,2024-11-06 08:18:11
1531,M-1,82.29,5.65,7.37,2024-10-26 11:37:30
1532,M-17,71.59,3.81,9.76,2024-12-25 04:03:29
1533,M-9,67.49,6.18,10.31,2024-12-02 13:04:09
1534,M-5,69.46,6.73,8.03,2024-01-21 06:24:35
1535,M-7,90.05,4.68,9.47,2024-07-16 14:39:38
1536,M-12,72.82,6.17,9.92,2024-11-05 11:37:02
1537,M-4,73.79,2.81,11.54,2024-01-03 10:36:22
1538,M-12,68.12,3.88,9.13,2024-06-28 09:54:40
1539,M-11,65.01,4.71,7.14,2024-07-22 19:59:30
1540,M-4,74.11,5.23,12.02,2024-09-27 04:42:08
1541,M-17,54.61,1.12,9.79,2024-01-07 02:05:39
1542,M-6,74.82,6.73,11.63,2024-03-13 23:53:56
1543,M-14,65.2,6.92,11.34,2024-12-05 09:47:26
1544,M-9,81.87,4.63,12.66,2024-08-05 10:11:01
1545,M-3,55.7,5.73,6.27,2024-02-18 18:54:12
1546,M-19,74.63,5.66,14.62,2024-11-24 15:16:14
1547,M-15,60.25,2.71,8.54,2024-11-09 08:29:53
1548,M-16,65.97,2.32,7.26,2024-09-22 14:43:37
1549,M-10,72.03,8.35,9.58,2024-10-25 20:11:01
1550,M-12,59.31,7.65,9.96,2024-07-28 02:45:21
1551,M-17,55.8,6.33,8.82,2024-01-09 18:53:22
1552,M-17,71.89,5.94,10.24,2024-11-28 14:52:03
1553,M-2,68.12,2.95,11.38,2024-11-30 08:58:51
1554,M-11,47.98,3.66,7.33,2024-11-21 16:32:20
1555,M-14,56.12,4.56,10.39,2024-09-23 14:07:50
1556,M-20,76.01,2.88,10.27,2024-07-26 20:11:25
1557,M-9,61.59,5.68,11.22,2024-03-05 02:53:25
1558,M-18,77.62,3.47,9.22,2024-12-20 18:14:34
1559,M-6,84.4,5.43,9.82,2024-10-23 09:21:55
1560,M-16,57.18,3.96,9.72,2024-12-09 10:41:19
1561,M-16,59.39,5.52,7.56,2024-10-23 09:01:37
1562,M-11,83.02,6.66,9.13,2024-12-07 01:19:39
1563,M-5,74.62,4.88,9.65,2024-02-25 20:00:08
1564,M-8,86.73,5.38,9.78,2024-11-29 12:47:15
1565,M-9,75.75,2.86,8.03,2024-03-11 17:40:36
1566,M-20,77.03,4.55,8.39,2024-11-30 13:54:53
1567,M-4,64.38,2.41,10.67,2024-12-11 09:28:25
1568,M-8,77.68,7.8,9.69,2024-03-17 09:06:11
1569,M-8,61.11,5.08,10.97,2024-02-11 04:44:29
1570,M-8,52.47,5.46,13.93,2024-07-29 10:29:53
1571,M-2,62.8,6.28,8.59,2024-03-10 07:04:52
1572,M-7,65.03,5.68,12.47,2024-07-18 20:15:38
1573,M-17,52.44,5.63,8.13,2024-03-05 17:04:31
1574,M-8,63.43,5.14,7.99,2024-06-18 15:05:46
1575,M-5,56.92,5.65,10.37,2024-07-29 05:58:54
1576,M-18,70.8,5.9,10.29,2024-05-01 02:40:51
1577,M-16,78.12,3.41,5.85,2024-02-14 11:09:20
1578,M-12,51.86,7.11,11.68,2024-05-18 15:59:32
1579,M-16,70.45,5.08,7.64,2024-04-20 05:51:45
1580,M-12,60.75,4.29,6.35,2024-10-20 21:42:09
1581,M-2,62.75,6.15,6.84,2024-11-20 00:57:53
1582,M-7,75.1,5.58,11.97,2024-08-25 13:43:47
1583,M-8,79.63,3.04,9.85,2024-03-12 12:18:11
1584,M-14,70.22,8.07,11.66,2024-05-21 05:01:14
1585,M-17,65.32,4.8,11.66,2024-12-27 00:57:48
1586,M-16,88.01,3.7,8.13,2024-10-21 20:23:25
1587,M-7,74.41,5.1,12.75,2024-06-22 23:36:59
1588,M-2,55.57,5.64,10.54,2024-03-24 13:26:40
1589,M-11,71.44,3.8,11.34,2024-05-12 12:16:17
1590,M-2,83.96,3.68,7.69,2024-04-25 08:25:20
1591,M-3,70.81,6.56,11.94,2024-11-18 20:55:01
1592,M-9,73.97,4.1,8.62,2024-08-05 20:56:57
1593,M-12,76.22,4.33,5.74,2024-09-09 16:23:56
1594,M-4,55.45,5.68,10.41,2024-05-22 12:26:48
1595,M-16,87.55,8.91,11.65,2024-11-11 07:50:52
1596,M-5,69.23,10.19,6.63,2024-04-08 23:02:25
1597,M-17,54.32,6.7,6.76,2024-05-05 04:42:39
1598,M-17,82.79,6.03,8.67,2024-04-22 14:25:14
1599,M-6,67.68,5.79,12.25,2024-10-27 13:06:03
1600,M-4,73.65,1.82,9.65,2024-01-31 04:52:30
1601,M-17,43.27,4.15,11.65,2024-07-13 09:03:57
1602,M-20,74.14,5.02,8.29,2024-08-12 15:46:22
1603,M-5,79.8,2.09,9.73,2024-10-05 17:03:22
1604,M-13,80.33,6.11,12.2,2024-07-28 14:36:48
1605,M-5,50.38,5.18,9.45,2024-02-14 06:08:52
1606,M-10,64.35,7.6,7.51,2024-10-28 22:59:17
1607,M-7,72.57,3.19,12.41,2024-05-21 15:13:40
1608,M-19,69.19,5.93,9.3,2024-09-17 18:14:02
1609,M-11,59.92,4.96,8.0,2024-06-27 21:07:55
1610,M-16,87.83,5.91,11.89,2024-01-03 14:03:27
1611,M-3,62.8,4.25,5.7,2024-01-16 10:08:21
1612,M-16,80.18,5.39,9.11,2024-03-11 02:21:07
1613,M-11,72.22,5.81,9.42,2024-06-07 14:02:26
1614,M-13,72.95,4.59,7.9,2024-07-26 14:09:42
1615,M-7,65.54,4.11,8.44,2024-04-07 01:50:42
1616,M-12,91.33,3.39,12.69,2024-06-02 05:29:26
1617,M-1,60.78,6.47,11.99,2024-04-29 05:58:34
1618,M-16,59.49,5.5,8.97,2024-10-28 07:41:41
1619,M-16,79.12,6.34,9.71,2024-04-15 08:21:52
1620,M-7,105.11,5.12,9.39,2024-02-14 10:43:08
1621,M-7,84.14,5.49,11.07,2024-10-28 13:42:22
1622,M-18,67.73,5.23,8.23,2024-05-29 09:39:45
1623,M-17,64.74,5.65,5.72,2024-11-02 17:21:36
1624,M-4,66.5,2.71,9.22,2024-08-28 00:13:41
1625,M-15,74.1,3.45,6.42,2024-10-22 11:11:51
1626,M-8,58.77,4.62,9.29,2024-08-20 19:08:48
1627,M-20,68.39,4.16,7.22,2024-04-28 13:17:32
1628,M-4,75.24,5.62,11.45,2024-02-13 16:43:19
1629,M-11,69.57,3.24,11.07,2024-02-07 08:24:42
1630,M-5,79.36,7.12,8.0,2024-03-03 07:23:55
1631,M-4,56.55,3.11,5.91,2024-12-06 12:53:56
1632,M-7,63.11,3.71,10.28,2024-09-10 05:02:55
1633,M-18,61.69,4.07,8.7,2024-12-12 04:41:50
1634,M-11,78.05,5.62,8.29,2024-08-25 16:32:00
1635,M-12,56.72,4.32,13.76,2024-08-03 13:06:56
1636,M-3,72.55,5.07,8.65,2024-10-15 19:49:13
1637,M-14,76.93,7.3,12.31,2024-01-15 14:51:09
1638,M-4,76.41,4.68,7.53,2024-02-28 00:07:59
1639,M-18,68.27,3.94,13.03,2024-01-07 21:22:41
1640,M-2,66.58,4.56,11.89,2024-06-18 13:54:18
1641,M-10,75.88,5.57,10.98,2024-10-09 00:43:01
1642,M-13,68.87,5.07,13.06,2024-08-29 02:51:42
1643,M-15,66.57,4.59,8.32,2024-08-20 15:54:05
1644,M-16,54.2,7.67,11.17,2024-09-23 21:22:46
1645,M-9,48.85,2.36,9.14,2024-06-04 23:52:13
1646,M-11,67.49,6.54,9.59,2024-04-29 12:04:30
1647,M-10,66.5,6.76,14.39,2024-11-05 09:41:15
1648,M-18,76.17,4.43,5.65,2024-01-06 02:49:36
1649,M-1,81.93,5.15,11.76,2024-06-11 23:39:59
1650,M-7,72.99,6.54,13.91,2024-03-22 10:55:54
1651,M-16,74.05,6.03,7.63,2024-05-21 07:58:01
1652,M-6,73.44,5.77,6.83,2024-01-06 19:04:31
1653,M-3,87.23,6.09,10.69,2024-08-30 07:44:30
1654,M-7,76.75,5.28,10.0,2024-10-11 00:41:22
1655,M-12,73.05,6.55,13.86,2024-03-30 10:59:12
1656,M-19,69.85,8.49,8.09,2024-07-07 08:22:09
1657,M-14,77.71,6.09,8.28,2024-01-06 13:42:50
1658,M-7,58.54,7.16,9.97,2024-08-16 11:03:31
1659,M-3,64.98,5.28,11.46,2024-12-29 02:42:42
1660,M-3,59.7,5.38,2.95,2024-03-25 13:06:56
1661,M-17,61.78,7.78,10.98,2024-08-13 03:05:56
1662,M-2,86.84,5.51,8.16,2024-08-06 18:26:35
1663,M-20,82.04,4.73,8.03,2024-09-07 20:48:16
1664,M-5,83.55,6.4,10.68,2024-07-14 07:07:29
1665,M-1,73.44,6.44,7.13,2024-11-12 08:06:40
1666,M-17,63.15,4.3,10.45,2024-06-11 04:26:29
1667,M-16,64.39,5.08,9.08,2024-10-16 04:17:02
1668,M-15,53.49,3.65,9.53,2024-07-17 10:59:18
1669,M-20,46.34,5.09,7.22,2024-05-03 04:55:11
1670,M-9,72.61,4.8,8.01,2024-09-22 06:31:31
1671,M-9,62.79,6.51,10.65,2024-01-01 05:47:12
1672,M-1,64.96,4.46,8.44,2024-10-09 11:30:19
1673,M-14,83.43,3.21,7.46,2024-02-19 23:39:25
1674,M-19,76.67,5.99,8.23,2024-12-01 02:16:36
1675,M-9,74.16,5.2,7.48,2024-07-09 10:45:47
1676,M-17,57.58,4.08,11.06,2024-08-20 13:06:07
1677,M-2,73.52,6.27,11.49,2024-02-05 06:31:33
1678,M-9,61.0,4.48,10.07,2024-03-05 17:49:59
1679,M-5,60.33,5.17,11.07,2024-04-13 11:51:30
1680,M-15,56.23,6.08,9.32,2024-10-17 22:24:43
1681,M-7,65.77,3.54,11.2,2024-03-25 03:11:29
1682,M-7,90.06,5.44,6.41,2024-08-23 18:43:48
1683,M-8,51.61,6.58,11.12,2024-01-11 06:04:30
1684,M-5,65.27,4.16,11.35,2024-03-09 09:06:06
1685,M-1,64.16,2.02,11.32,2024-09-04 11:04:53
1686,M-19,79.32,4.96,9.99,2024-07-02 05:45:49
1687,M-9,64.88,5.45,11.66,2024-07-18 09:17:48
1688,M-5,71.72,9.98,8.33,2024-09-04 16:25:55
1689,M-16,67.58,1.83,10.42,2024-02-09 03:56:30
1690,M-14,56.96,1.73,12.77,2024-04-23 17:36:46
1691,M-12,67.99,5.98,10.35,2024-08-30 07:43:00
1692,M-1,60.86,5.12,9.1,2024-05-10 14:38:10
1693,M-14,72.58,5.17,12.07,2024-08-27 11:55:33
1694,M-14,80.16,6.58,9.75,2024-08-16 07:36:34
1695,M-2,62.27,3.68,12.2,2024-04-21 21:40:21
1696,M-17,71.04,5.49,11.64,2024-01-19 17:40:38
1697,M-4,60.15,5.09,8.85,2024-11-22 01:55:21
1698,M-16,66.26,6.58,10.76,2024-05-07 08:24:43
1699,M-19,67.4,6.03,10.6,2024-09-29 00:18:00
1700,M-2,79.18,4.08,11.73,2024-03-21 19:49:52
1701,M-13,82.41,6.15,10.01,2024-03-16 16:36:01
1702,M-5,69.99,5.02,8.57,2024-05-30 21:57:19
1703,M-16,64.04,2.68,11.82,2024-06-30 19:37:20
1704,M-16,70.89,6.58,14.31,2024-05-26 05:07:44
1705,M-6,80.38,3.33,7.72,2024-07-16 06:21:35
1706,M-5,85.44,3.64,10.04,2024-02-29 02:39:55
1707,M-17,56.17,4.32,15.85,2024-02-16 17:17:04
1708,M-13,59.47,4.09,9.77,2024-04-27 05:58:29
1709,M-5,81.95,3.01,9.59,2024-02-24 22:24:27
1710,M-17,75.47,3.69,9.39,2024-09-04 20:32:03
1711,M-14,89.74,2.31,10.65,2024-03-06 23:52:25
1712,M-9,70.24,3.72,13.31,2024-05-21 08:11:05
1713,M-9,63.47,5.23,8.94,2024-04-11 07:02:32
1714,M-3,69.23,5.02,9.58,2024-02-27 00:21:50
1715,M-8,80.93,5.3,12.25,2024-07-26 10:30:13
1716,M-4,60.99,3.1,8.3,2024-10-01 01:09:01
1717,M-15,78.33,6.29,10.73,2024-03-12 15:39:47
1718,M-12,82.09,3.61,9.68,2024-09-25 17:53:15
1719,M-19,76.5,6.0,8.65,2024-01-28 03:23:49
1720,M-4,61.51,4.89,8.94,2024-06-07 18:31:01
1721,M-17,82.07,3.58,11.28,2024-01-30 02:49:55
1722,M-18,66.8,6.13,9.88,2024-05-04 12:25:11
1723,M-17,72.18,5.1,9.75,2024-11-15 15:23:55
1724,M-6,71.34,4.04,10.72,2024-11-30 13:05:24
1725,M-17,86.24,4.87,9.37,2024-06-08 20:41:12
1726,M-7,63.87,6.31,7.75,2024-01-10 14:47:47
1727,M-5,74.5,4.8,11.67,2024-05-26 09:59:51
1728,M-1,74.09,5.0,11.89,2024-04-04 21:46:19
1729,M-3,73.94,5.64,11.65,2024-10-26 05:33:51
1730,M-11,62.12,4.39,13.48,2024-05-18 11:43:50
1731,M-8,57.61,4.03,12.05,2024-03-14 15:17:58
1732,M-11,72.01,3.32,7.41,2024-05-03 03:24:59
1733,M-8,85.34,3.36,12.32,2024-02-09 03:03:04
1734,M-4,68.57,6.22,10.51,2024-10-31 13:53:21
1735,M-2,82.41,4.69,6.7,2024-07-18 06:45:21
1736,M-14,63.91,6.17,8.85,2024-07-19 13:12:01
1737,M-6,74.79,3.97,12.44,2024-03-31 04:07:39
1738,M-2,73.61,4.18,7.33,2024-06-16 03:07:35
1739,M-3,64.74,4.13,10.8,2024-02-20 07:42:39
1740,M-16,64.03,6.45,11.12,2024-10-05 01:41:25
1741,M-16,63.91,4.75,10.5,2024-06-16 15:45:16
1742,M-7,63.88,5.46,10.59,2024-05-14 10:11:59
1743,M-14,58.49,2.96,11.24,2024-10-26 18:03:13
1744,M-10,82.76,5.7,9.74,2024-09-07 11:01:10
1745,M-7,70.73,6.31,6.89,2024-07-18 05:06:01
1746,M-5,75.4,4.93,8.47,2024-06-28 01:52:41
1747,M-18,56.41,5.28,11.57,2024-11-21 15:29:35
1748,M-20,72.4,3.83,7.37,2024-11-03 23:18:52
1749,M-15,62.27,4.93,5.85,2024-12-06 05:55:04
1750,M-16,55.99,4.67,10.26,2024-06-09 19:32:57
1751,M-6,76.86,3.6,7.66,2024-07-12 13:04:37
1752,M-2,71.54,7.58,7.97,2024-06-09 14:48:19
1753,M-12,52.12,4.27,11.42,2024-08-30 22:48:25
1754,M-18,63.4,7.38,10.08,2024-03-08 17:08:20
1755,M-7,60.8,1.83,9.21,2024-08-18 12:20:48
1756,M-11,56.43,6.49,9.79,2024-11-27 07:30:31
1757,M-4,51.64,1.08,12.65,2024-02-02 12:26:53
1758,M-7,55.88,4.26,10.18,2024-11-10 02:54:17
1759,M-15,65.63,4.13,10.94,2024-07-04 05:35:13
1760,M-4,79.4,4.37,9.1,2024-10-25 20:21:41
1761,M-4,90.76,3.53,6.58,2024-05-11 07:05:15
1762,M-11,79.11,5.89,10.68,2024-12-04 16:14:02
1763,M-17,65.71,2.44,9.64,2024-05-10 06:18:56
1764,M-17,60.98,7.39,10.87,2024-09-26 14:49:24
1765,M-19,62.04,5.69,11.33,2024-03-14 03:21:07
1766,M-18,70.23,7.49,8.83,2024-08-01 16:54:30
1767,M-5,54.85,7.8,9.5,2024-12-04 12:01:21
1768,M-2,42.87,6.17,12.19,2024-01-12 08:18:55
1769,M-9,80.7,5.72,9.44,2024-09-04 03:57:53
1770,M-19,72.92,4.09,13.49,2024-12-09 21:17:38
1771,M-1,62.07,7.33,9.82,2024-10-26 23:51:46
1772,M-16,88.44,3.97,11.23,2024-12-02 00:21:50
1773,M-19,65.29,3.57,8.08,2024-02-29 12:51:12
1774,M-14,65.14,5.12,9.36,2024-05-18 09:24:57
1775,M-19,82.07,4.21,11.12,2024-11-16 20:57:09
1776,M-2,51.02,2.9,11.17,2024-07-08 10:36:32
1777,M-5,85.35,5.06,11.28,2024-01-29 08:56:27
1778,M-11,74.3,3.74,9.48,2024-12-16 17:51:18
1779,M-14,46.08,4.16,8.39,2024-05-06 19:58:52
1780,M-14,66.21,5.28,7.91,2024-10-28 05:00:24
1781,M-3,60.23,2.33,9.36,2024-05-29 19:58:17
1782,M-14,81.92,3.77,10.78,2024-02-22 04:28:16
1783,M-8,69.26,5.63,12.01,2024-06-10 14:24:02
1784,M-18,77.42,4.47,12.43,2024-08-07 20:43:19
1785,M-17,78.26,3.02,8.65,2024-11-12 11:59:11
1786,M-12,75.8,3.82,9.34,2024-11-18 07:19:11
1787,M-17,58.38,4.02,10.4,2024-12-24 07:47:58
1788,M-13,65.66,5.82,11.2,2024-12-17 15:40:25
1789,M-5,69.75,3.3,8.42,2024-08-27 05:25:28
1790,M-14,72.41,6.63,12.33,2024-05-12 09:26:36
1791,M-9,69.84,2.56,9.43,2024-08-04 09:17:52
1792,M-12,74.03,7.49,9.06,2024-05-28 22:10:09
1793,M-10,53.03,4.65,7.42,2024-07-10 11:19:17
1794,M-20,66.53,5.48,12.44,2024-04-20 01:53:50
1795,M-3,50.16,6.05,7.67,2024-10-23 20:17:26
1796,M-15,82.23,1.43,10.95,2024-01-24 22:11:18
1797,M-1,64.95,7.22,8.95,2024-09-24 06:35:26
1798,M-11,87.28,4.88,9.69,2024-11-17 16:29:21
1799,M-4,72.72,3.28,10.36,2024-03-17 13:03:20
1800,M-13,69.23,5.81,11.27,2024-04-03 16:58:55
1801,M-16,80.44,3.03,13.18,2024-06-01 08:25:25
1802,M-15,84.81,6.04,6.22,2024-05-14 11:12:32
1803,M-6,70.32,5.47,11.38,2024-04-04 21:06:08
1804,M-19,48.78,8.2,11.11,2024-04-15 01:50:19
1805,M-4,67.47,4.71,9.46,2024-06-22 07:31:20
1806,M-12,79.3,4.29,12.93,2024-05-03 07:46:47
1807,M-2,67.71,4.35,16.51,2024-06-24 03:24:54
1808,M-8,63.78,3.8,10.16,2024-03-26 22:01:17
1809,M-19,54.17,5.77,11.03,2024-06-22 22:08:55
1810,M-1,69.34,4.37,5.62,2024-07-13 15:14:22
1811,M-5,65.37,4.38,13.98,2024-04-12 16:55:07
1812,M-2,64.1,3.95,8.39,2024-03-11 19:51:17
1813,M-10,67.63,6.99,12.12,2024-04-13 18:50:28
1814,M-15,58.39,3.26,12.16,2024-10-20 06:44:27
1815,M-11,65.16,4.99,12.92,2024-11-26 03:07:22
1816,M-2,77.34,5.64,9.31,2024-10-19 08:11:58
1817,M-8,51.6,5.87,10.87,2024-11-26 20:46:45
1818,M-8,71.87,5.13,9.79,2024-01-13 10:45:12
1819,M-15,70.21,3.53,10.02,2024-03-21 10:42:37
1820,M-9,77.82,6.89,9.33,2024-07-18 06:45:52
1821,M-16,80.92,4.13,11.53,2024-09-18 00:22:15
1822,M-15,61.16,6.67,11.02,2024-09-25 01:46:03
1823,M-13,62.21,4.34,7.94,2024-10-31 00:17:20
1824,M-4,61.56,3.93,10.51,2024-12-07 23:54:23
1825,M-8,68.2,5.07,9.99,2024-10-01 22:24:59
1826,M-6,80.02,1.44,8.23,2024-12-29 13:39:25
1827,M-12,63.25,6.46,8.82,2024-12-16 09:53:00
1828,M-4,82.09,3.95,10.45,2024-01-18 06:36:00
1829,M-12,86.65,5.89,8.79,2024-08-29 17:45:10
1830,M-19,67.67,4.82,8.89,2024-08-01 00:09:58
1831,M-15,69.84,4.48,13.22,2024-01-30 02:14:36
1832,M-5,75.69,3.62,10.26,2024-09-19 11:22:31
1833,M-2,86.68,2.89,6.74,2024-12-23 12:08:10
1834,M-14,63.84,5.77,10.04,2024-01-03 18:40:56
1835,M-7,69.84,5.93,10.73,2024-02-02 11:31:38
1836,M-3,76.98,7.22,9.6,2024-10-16 01:38:46
1837,M-15,71.87,4.65,9.75,2024-04-18 21:08:13
1838,M-19,86.55,4.67,11.11,2024-09-09 09:10:16
1839,M-16,66.76,6.58,7.14,2024-01-27 23:42:06
1840,M-20,85.74,5.13,7.53,2024-04-10 05:08:23
1841,M-5,67.88,5.25,10.0,2024-06-24 07:35:53
1842,M-4,84.94,4.63,8.09,2024-02-25 03:27:53
1843,M-19,70.92,5.93,7.21,2024-12-10 19:54:21
1844,M-1,68.85,5.08,12.16,2024-03-07 09:35:36
1845,M-14,71.55,4.53,12.77,2024-04-29 20:02:46
1846,M-14,57.9,5.29,10.22,2024-10-26 08:55:06
1847,M-8,77.72,5.03,7.06,2024-05-06 14:14:26
1848,M-17,83.83,5.3,11.18,2024-12-21 01:19:00
1849,M-4,73.94,4.78,8.49,2024-08-21 02:24:30
1850,M-19,70.5,6.14,11.9,2024-12-16 00:16:46
1851,M-8,70.09,3.72,9.03,2024-09-25 11:39:06
1852,M-15,52.68,3.54,11.84,2024-12-14 18:17:20
1853,M-11,75.29,5.85,8.22,2024-01-20 05:00:16
1854,M-7,81.22,5.67,6.06,2024-06-16 03:40:46
1855,M-19,78.48,5.57,9.22,2024-12-01 17:30:50
1856,M-11,68.91,8.14,11.46,2024-05-11 02:51:04
1857,M-3,69.46,3.94,13.73,2024-04-12 09:39:27
1858,M-15,72.02,3.71,13.6,2024-04-22 06:15:39
1859,M-20,85.76,5.42,12.94,2024-10-28 20:53:12
1860,M-6,49.91,5.71,6.96,2024-12-17 01:26:35
1861,M-17,59.69,3.41,7.08,2024-12-04 13:53:07
1862,M-11,48.96,4.53,9.49,2024-12-18 19:15:14
1863,M-3,76.24,4.31,13.2,2024-05-24 09:07:46
1864,M-11,65.07,3.91,11.01,2024-04-23 13:53:13
1865,M-20,78.91,4.53,9.38,2024-12-26 03:13:36
1866,M-1,68.8,3.91,13.59,2024-01-01 09:13:57
1867,M-4,69.86,4.81,9.61,2024-04-22 17:53:54
1868,M-9,83.29,5.81,9.79,2024-09-17 02:23:08
1869,M-14,78.5,2.64,9.31,2024-06-27 20:21:08
1870,M-20,63.98,3.9,11.87,2024-12-21 08:48:39
1871,M-6,85.14,5.27,8.12,2024-09-15 21:08:17
1872,M-17,73.03,4.67,10.6,2024-05-07 13:22:00
1873,M-11,72.44,1.75,10.43,2024-06-04 09:37:34
1874,M-2,66.15,4.18,12.09,2024-09-19 02:54:56
1875,M-15,54.66,7.32,10.26,2024-07-02 07:41:15
1876,M-4,59.81,5.11,10.06,2024-10-06 02:28:40
1877,M-11,61.19,2.9,11.54,2024-09-04 08:01:05
1878,M-18,71.73,5.65,9.71,2024-08-21 23:58:53
1879,M-7,82.5,5.2,10.48,2024-07-13 20:05:36
1880,M-6,70.16,6.27,8.21,2024-01-22 12:15:06
1881,M-10,71.55,5.71,13.56,2024-11-16 04:38:46
1882,M-18,49.15,4.01,9.33,2024-10-24 06:47:39
1883,M-20,64.59,4.93,8.34,2024-04-27 16:09:21
1884,M-5,72.1,4.79,9.25,2024-10-10 08:06:35
1885,M-17,61.15,4.69,12.1,2024-10-04 15:47:02
1886,M-9,55.89,4.94,8.45,2024-07-02 23:09:01
1887,M-9,72.47,5.86,15.2,2024-12-16 17:40:09
1888,M-19,75.25,4.59,9.45,2024-02-25 20:58:11
1889,M-9,56.53,2.87,9.27,2024-04-11 20:34:06
1890,M-15,76.35,5.84,8.28,2024-10-07 19:26:42
1891,M-5,65.92,5.39,10.49,2024-11-20 11:10:36
1892,M-10,75.27,4.27,15.16,2024-04-12 00:53:07
1893,M-9,62.4,3.44,9.91,2024-08-05 08:30:23
1894,M-15,79.04,4.58,10.26,2024-05-28 10:12:51
1895,M-7,73.04,5.73,8.06,2024-12-18 15:19:44
1896,M-20,58.23,6.54,10.09,2024-11-05 03:59:58
1897,M-6,80.28,4.85,11.04,2024-10-03 06:10:22
1898,M-19,51.35,4.56,6.73,2024-04-19 19:50:26
1899,M-7,64.65,5.7,12.01,2024-09-09 19:59:29
1900,M-15,93.53,6.81,7.6,2024-06-11 20:09:39
1901,M-5,87.26,4.6,10.73,2024-05-11 11:37:35
1902,M-7,69.78,4.46,5.26,2024-07-26 03:54:52
1903,M-11,75.72,3.93,8.03,2024-08-28 12:42:26
1904,M-6,60.94,4.93,10.33,2024-12-17 16:14:48
1905,M-13,86.76,6.35,8.56,2024-09-25 16:47:21
1906,M-10,61.37,2.76,12.53,2024-07-14 11:14:04
1907,M-13,75.76,7.02,9.09,2024-08-23 02:30:50
1908,M-16,77.27,5.2,8.62,2024-01-19 16:51:44
1909,M-13,69.74,4.68,10.02,2024-11-29 01:25:03
1910,M-5,66.02,7.6,9.41,2024-03-21 11:44:01
1911,M-12,69.21,5.93,10.46,2024-01-12 09:01:28
1912,M-2,73.44,3.06,11.8,2024-02-23 15:11:43
1913,M-14,75.26,2.87,11.65,2024-09-09 08:31:59
1914,M-9,56.19,5.35,9.02,2024-10-15 09:33:29
1915,M-6,72.41,5.16,9.23,2024-06-04 10:00:38
1916,M-17,67.24,4.66,9.63,2024-03-14 16:04:23
1917,M-11,72.42,3.77,12.35,2024-06-12 09:59:08
1918,M-7,78.5,5.86,10.04,2024-11-24 00:01:35
1919,M-13,67.9,5.52,11.91,2024-04-03 11:07:50
1920,M-9,72.7,4.14,8.53,2024-06-03 16:05:56
1921,M-5,66.37,2.73,8.01,2024-11-03 18:33:37
1922,M-5,77.61,5.81,9.36,2024-03-26 14:04:41
1923,M-12,78.22,6.11,7.02,2024-06-19 14:39:17
1924,M-15,70.22,5.02,7.61,2024-01-15 08:18:12
1925,M-17,84.25,5.35,12.17,2024-03-03 16:18:34
1926,M-17,70.21,3.6,8.32,2024-01-31 09:22:34
1927,M-20,69.8,4.66,11.77,2024-11-10 22:08:47
1928,M-7,85.02,5.9,10.44,2024-04-29 04:23:36
1929,M-5,77.35,4.91,7.4,2024-04-09 05:12:06
1930,M-6,57.83,2.45,8.36,2024-11-13 20:18:05
1931,M-11,36.82,6.3,11.9,2024-02-25 05:18:49
1932,M-18,91.61,4.89,7.52,2024-12-20 01:38:07
1933,M-9,90.45,4.08,6.77,2024-06-15 16:07:05
1934,M-1,41.09,4.48,10.02,2024-11-23 14:26:02
1935,M-14,64.7,6.94,7.49,2024-06-11 17:02:29
1936,M-6,55.81,0.51,9.67,2024-01-28 09:10:11
1937,M-3,72.08,4.63,9.99,2024-12-20 03:31:58
1938,M-9,69.51,5.99,11.38,2024-10-06 09:56:37
1939,M-3,72.12,6.31,7.11,2024-04-24 17:02:20
1940,M-7,74.57,5.21,8.6,2024-08-14 17:04:15
1941,M-4,79.81,5.57,13.73,2024-01-26 21:00:33
1942,M-10,50.0,7.21,12.5,2024-11-03 20:04:06
1943,M-18,47.22,4.68,9.08,2024-05-16 15:45:09
1944,M-16,66.32,4.58,12.44,2024-07-11 21:20:00
1945,M-11,74.05,7.05,9.73,2024-08-08 13:58:52
1946,M-20,75.26,2.64,6.71,2024-11-20 16:15:31
1947,M-8,61.41,6.87,9.86,2024-06-26 08:36:19
1948,M-10,69.84,6.35,12.33,2024-08-16 13:57:36
1949,M-9,52.89,4.35,7.62,2024-03-05 07:44:19
1950,M-12,58.17,4.1,6.13,2024-12-18 02:24:32
1951,M-2,81.11,4.9,12.88,2024-12-10 11:35:29
1952,M-19,78.84,5.63,9.86,2024-04-22 15:34:55
1953,M-4,72.87,5.62,7.47,2024-05-07 09:43:02
1954,M-19,83.25,3.78,10.75,2024-07-21 12:26:50
1955,M-2,79.38,2.35,8.82,2024-07-26 09:53:20
1956,M-1,63.68,4.69,9.42,2024-10-11 18:10:17
1957,M-6,74.0,6.96,10.24,2024-06-04 14:46:43
1958,M-19,71.05,3.59,9.89,2024-09-05 11:30:32
1959,M-9,59.26,5.81,8.43,2024-02-28 21:25:13
1960,M-17,65.95,4.56,6.05,2024-07-12 16:17:28
1961,M-3,73.54,5.66,9.61,2024-01-26 19:13:26
1962,M-19,58.96,4.25,6.59,2024-09-10 08:38:16
1963,M-14,59.13,3.75,11.65,2024-05-04 16:02:58
1964,M-7,78.38,2.24,10.17,2024-03-08 08:47:12
1965,M-8,70.57,3.81,11.08,2024-12-21 10:35:05
1966,M-16,65.06,3.26,9.09,2024-04-22 03:23:48
1967,M-18,58.81,5.35,9.82,2024-10-09 04:32:51
1968,M-11,59.06,5.69,5.29,2024-09-30 01:38:33
1969,M-15,79.56,4.59,11.33,2024-10-29 13:33:06
1970,M-2,76.94,4.89,10.5,2024-09-18 08:14:02
1971,M-10,63.94,4.61,11.11,2024-09-23 04:54:59
1972,M-9,66.7,3.81,11.91,2024-04-06 14:33:00
1973,M-4,61.64,6.36,8.67,2024-07-06 14:07:06
1974,M-13,61.66,3.03,8.95,2024-12-27 20:18:44
1975,M-12,56.04,3.29,7.56,2024-03-19 20:01:54
1976,M-18,70.6,5.5,8.46,2024-12-15 04:17:49
1977,M-10,67.92,7.26,13.21,2024-08-12 18:39:52
1978,M-4,70.46,4.97,8.16,2024-07-22 07:28:14
1979,M-7,61.5,4.78,8.83,2024-11-16 03:10:48
1980,M-20,75.74,4.36,9.16,2024-03-28 13:51:04
1981,M-11,80.25,6.18,14.4,2024-08-21 05:58:25
1982,M-10,48.07,4.16,10.59,2024-03-25 12:16:34
1983,M-9,63.98,7.56,8.61,2024-06-15 08:23:35
1984,M-9,59.41,4.74,11.62,2024-07-30 22:01:12
1985,M-20,66.14,6.13,12.81,2024-04-02 09:14:01
1986,M-3,55.91,5.75,9.23,2024-04-22 17:38:35
1987,M-8,76.13,6.34,12.4,2024-08-19 11:40:21
1988,M-2,69.01,3.82,6.97,2024-08-25 19:21:57
1989,M-3,69.15,8.11,7.12,2024-11-19 23:54:05
1990,M-20,76.14,4.54,9.38,2024-10-22 12:28:09
1991,M-13,78.51,6.2,12.95,2024-09-28 08:39:26
1992,M-12,66.97,5.35,9.35,2024-05-28 16:57:27
1993,M-19,76.55,6.16,13.11,2024-05-25 07:57:43
1994,M-6,73.4,3.27,8.13,2024-12-05 16:05:57
1995,M-14,66.48,5.14,9.53,2024-08-25 13:41:46
1996,M-11,69.43,8.55,9.38,2024-02-23 10:47:33
1997,M-9,60.51,3.72,10.93,2024-05-04 23:50:13
1998,M-8,63.6,6.86,10.74,2024-09-23 21:12:26
1999,M-6,83.09,4.51,10.64,2024-03-15 09:03:09
2000,M-17,87.54,8.03,8.81,2024-03-20 21:47:12
